customer_id,age,annual_income,credit_score,total_loans,outstanding_balance,monthly_emi,num_missed_payments,loan_tenure_months,employment_type,has_savings_account,avg_monthly_balance,repayment_risk
CUST00001,42,46644,610,6,46140,4909,1,193,Salaried,1,12998,Medium
CUST00002,64,32339,607,6,71506,5780,0,26,Salaried,1,17530,Medium
CUST00003,60,68514,759,3,0,9603,3,59,Self-Employed,1,39494,Medium
CUST00004,34,30403,582,5,49411,9731,1,234,Salaried,1,10056,Medium
CUST00005,40,58207,685,6,53576,15399,0,57,Salaried,0,0,Low
CUST00006,47,55043,798,2,9971,9484,1,188,Salaried,0,7865,Low
CUST00007,57,82403,764,6,22765,14635,1,175,Salaried,1,50274,Low
CUST00008,65,74455,709,4,67582,10602,1,25,Self-Employed,1,44126,Medium
CUST00009,67,69841,678,6,63174,7083,2,239,Business,1,34986,Medium
CUST00010,54,114105,731,7,53987,4890,4,230,Salaried,0,32531,Medium
CUST00011,61,73091,705,7,84073,11215,3,142,Salaried,1,64936,Medium
CUST00012,37,52464,779,3,62234,6529,1,111,Salaried,0,50319,Medium
CUST00013,40,56144,670,1,87165,7545,0,145,Business,1,9701,Medium
CUST00014,58,42070,750,3,17842,4699,2,137,Salaried,1,34199,Low
CUST00015,35,34440,657,6,52202,8015,7,230,Self-Employed,1,37507,Medium
CUST00016,65,23319,812,6,47945,10374,0,33,Salaried,1,10806,Medium
CUST00017,65,99026,668,1,8632,6381,1,33,Salaried,1,33133,Low
CUST00018,51,43450,566,5,98282,5149,2,175,Salaried,1,9246,Medium
CUST00019,52,74477,685,2,31298,8267,1,235,Salaried,0,23684,Low
CUST00020,41,56004,733,4,56735,9870,5,102,Self-Employed,0,21212,Medium
CUST00021,65,64123,794,3,30359,7961,0,210,Salaried,1,50237,Low
CUST00022,64,99614,610,3,79182,15571,1,189,Salaried,0,44807,Medium
CUST00023,68,70299,557,4,37342,8402,0,87,Salaried,1,6640,Low
CUST00024,28,37319,714,6,37157,10066,4,91,Salaried,0,65862,Medium
CUST00025,63,48076,712,1,45646,11533,0,208,Self-Employed,1,38155,Low
CUST00026,58,90798,581,2,47536,9586,7,124,Salaried,1,0,Medium
CUST00027,68,79495,656,5,28545,4131,0,46,Business,1,5906,Low
CUST00028,23,92672,660,7,21841,4695,0,20,Salaried,1,0,Low
CUST00029,43,57844,737,4,28825,3581,0,168,Business,1,15429,Medium
CUST00030,34,23118,651,7,40340,2721,1,38,Self-Employed,1,59811,Medium
CUST00031,67,80199,649,2,53148,9092,0,196,Salaried,1,23953,Low
CUST00032,59,72584,688,3,32809,12961,0,235,Salaried,0,30740,Low
CUST00033,52,73370,583,2,10858,10871,1,213,Salaried,1,64258,Low
CUST00034,22,23547,813,6,8749,10818,6,100,Salaried,1,6891,Medium
CUST00035,68,45793,745,5,17596,3897,6,70,Business,1,31843,Medium
CUST00036,64,36848,630,2,54937,9972,0,181,Retired,1,46901,Medium
CUST00037,34,76980,601,6,71301,10117,1,192,Business,1,7294,Medium
CUST00038,38,78013,607,3,11884,14702,2,49,Salaried,1,41694,Medium
CUST00039,25,63695,721,5,57753,9348,1,100,Salaried,1,29933,Medium
CUST00040,64,94027,609,5,56117,14954,0,143,Self-Employed,1,0,Medium
CUST00041,52,109721,662,5,100059,8498,1,118,Business,1,43055,Medium
CUST00042,54,75591,561,3,114707,9791,2,191,Salaried,1,31699,Medium
CUST00043,35,85132,717,1,76847,12659,0,55,Salaried,1,26936,Medium
CUST00044,42,48753,720,3,66123,9001,0,34,Business,1,32312,Low
CUST00045,43,43237,667,1,60975,1942,0,213,Salaried,1,57280,Medium
CUST00046,26,95292,693,6,23058,4028,4,81,Business,0,25429,Medium
CUST00047,58,38757,735,1,10673,18658,3,88,Salaried,0,9005,Low
CUST00048,53,85911,691,7,0,8399,0,234,Self-Employed,1,0,Low
CUST00049,24,116584,734,3,49722,10778,2,80,Salaried,0,9641,Medium
CUST00050,62,84604,598,6,22448,3738,0,199,Self-Employed,1,6838,Low
CUST00051,34,62572,706,2,68818,9360,1,143,Salaried,1,11809,Medium
CUST00052,32,24790,693,3,11268,13320,0,142,Self-Employed,1,21410,Low
CUST00053,63,69899,764,5,52600,526,0,233,Self-Employed,1,40247,Low
CUST00054,59,95272,682,2,22097,8835,4,34,Salaried,0,6015,Medium
CUST00055,45,59631,673,4,3641,8803,1,48,Retired,0,7249,Low
CUST00056,30,95644,641,6,20597,9293,0,29,Salaried,0,21587,Low
CUST00057,34,75950,784,4,25582,16467,0,110,Self-Employed,0,24776,Low
CUST00058,43,73740,515,4,44369,6950,5,16,Business,1,40752,Medium
CUST00059,39,55496,715,5,26865,6115,0,52,Business,1,29456,Low
CUST00060,31,21318,678,7,17207,7301,2,103,Self-Employed,0,33958,Low
CUST00061,68,52246,667,6,20951,17470,0,177,Business,1,28036,Low
CUST00062,33,52008,656,6,0,8634,0,186,Salaried,1,0,Low
CUST00063,51,82263,676,7,33614,10314,2,134,Salaried,1,0,Medium
CUST00064,68,64543,713,5,46014,500,4,93,Retired,1,0,Medium
CUST00065,67,97495,624,1,32345,8450,0,83,Retired,1,642,Low
CUST00066,40,73440,689,6,50943,7308,0,151,Self-Employed,1,18498,Low
CUST00067,40,49869,704,7,73956,8370,3,169,Salaried,1,30330,Medium
CUST00068,31,40553,613,5,76784,6712,1,225,Salaried,0,0,Medium
CUST00069,22,46898,715,7,74328,2828,1,17,Business,1,8192,Medium
CUST00070,28,69823,705,6,26536,6909,0,200,Business,1,13852,Low
CUST00071,32,53816,624,1,17137,14035,0,233,Salaried,1,13963,Medium
CUST00072,25,32706,596,4,28163,8495,0,211,Business,0,14152,Low
CUST00073,57,95201,623,3,63094,813,1,130,Salaried,1,0,Medium
CUST00074,42,69569,689,3,54347,3302,0,203,Salaried,1,19781,Low
CUST00075,43,73241,674,6,22136,9123,2,122,Self-Employed,1,6200,Low
CUST00076,31,40321,777,5,77310,3753,1,123,Salaried,1,49855,Medium
CUST00077,44,33752,654,6,11741,8935,3,232,Retired,0,46999,Medium
CUST00078,26,60132,617,4,29325,13000,5,234,Salaried,0,7458,Medium
CUST00079,69,15000,725,6,51272,9889,4,80,Salaried,1,9934,High
CUST00080,33,88394,611,4,70006,4074,1,150,Salaried,1,60075,Low
CUST00081,51,43879,624,1,79750,8683,0,201,Self-Employed,0,0,Medium
CUST00082,54,56968,625,7,54140,10968,0,132,Salaried,0,25868,Low
CUST00083,58,77807,470,7,7883,5094,1,156,Self-Employed,1,54313,Low
CUST00084,39,58260,719,7,76764,3680,2,88,Salaried,0,6437,Medium
CUST00085,25,29948,745,1,13749,7642,0,31,Salaried,1,0,Low
CUST00086,48,110171,744,4,30616,14201,9,106,Salaried,1,13844,High
CUST00087,68,19022,811,6,15449,4060,0,165,Salaried,1,19258,Low
CUST00088,44,15000,785,7,42275,6252,1,103,Salaried,0,27914,Medium
CUST00089,27,91238,656,7,14379,3236,1,198,Salaried,0,26925,Low
CUST00090,28,21217,757,5,59166,4986,1,164,Salaried,1,32439,Medium
CUST00091,40,102583,673,5,57456,7477,1,123,Salaried,0,0,Low
CUST00092,67,76306,650,4,67613,7409,0,29,Salaried,1,25764,Low
CUST00093,36,73490,627,6,53553,500,9,235,Salaried,1,10127,High
CUST00094,69,47929,661,6,51705,7076,8,168,Business,1,50774,Medium
CUST00095,43,40237,703,3,15586,15059,1,78,Self-Employed,1,39580,Low
CUST00096,53,53712,790,3,24659,8569,0,46,Salaried,1,44165,Low
CUST00097,36,38683,731,1,41958,7021,0,113,Salaried,1,44556,Low
CUST00098,27,101230,626,6,44473,5726,0,26,Self-Employed,1,27583,Low
CUST00099,27,42717,606,4,34983,4304,1,62,Self-Employed,0,15317,Low
CUST00100,27,80190,719,3,61696,8427,0,142,Self-Employed,0,21627,Low
CUST00101,33,95156,743,5,114503,9806,0,32,Self-Employed,1,43420,Low
CUST00102,23,38564,765,2,57145,14955,1,200,Self-Employed,1,18924,Medium
CUST00103,46,76297,661,2,24883,5033,4,14,Salaried,0,26369,Low
CUST00104,25,38183,712,6,68442,13186,0,192,Salaried,1,22800,Low
CUST00105,27,59794,739,4,26296,13032,1,46,Salaried,0,19487,Low
CUST00106,63,51240,585,1,55622,6381,2,189,Salaried,0,49885,Medium
CUST00107,58,44136,699,2,59228,5077,7,19,Business,1,14295,High
CUST00108,59,69733,743,5,51930,2258,2,187,Self-Employed,1,2366,Medium
CUST00109,35,28576,715,5,27191,8130,1,14,Retired,0,38417,Medium
CUST00110,68,92876,674,5,47246,6849,2,65,Salaried,1,21848,Medium
CUST00111,40,32553,850,2,29915,12286,9,214,Business,1,13281,High
CUST00112,28,26987,815,3,29779,9411,4,123,Self-Employed,1,15241,Medium
CUST00113,39,57431,680,7,0,500,0,141,Business,1,17827,Low
CUST00114,65,53824,666,5,41309,7742,1,172,Self-Employed,0,10170,Low
CUST00115,29,75666,729,1,109950,9226,2,211,Salaried,1,56091,Medium
CUST00116,49,67544,675,4,0,7078,1,151,Salaried,1,46788,Low
CUST00117,42,16179,769,4,0,11562,0,30,Salaried,1,0,Low
CUST00118,56,94597,591,4,46724,5742,0,157,Self-Employed,0,12525,Low
CUST00119,68,56679,663,3,67516,12149,1,189,Business,0,17689,Medium
CUST00120,31,72243,727,4,4652,5781,0,96,Salaried,0,0,Low
CUST00121,49,131064,750,4,51484,6679,0,33,Self-Employed,1,11472,Low
CUST00122,40,103593,576,2,40154,15792,3,41,Self-Employed,1,34315,Medium
CUST00123,65,71315,613,3,26927,2728,0,93,Business,1,20613,Low
CUST00124,56,23807,562,3,56440,8375,1,145,Self-Employed,1,50411,Medium
CUST00125,49,24309,618,2,14775,9392,4,140,Self-Employed,1,32984,Medium
CUST00126,67,99861,590,1,75534,5534,1,148,Retired,0,53006,Low
CUST00127,24,52945,717,7,0,9875,0,63,Business,1,38212,Low
CUST00128,60,59947,696,4,42528,10945,0,219,Self-Employed,1,22102,Low
CUST00129,48,30635,669,1,48223,9117,1,40,Business,0,4410,Medium
CUST00130,38,78375,681,2,40008,8780,9,73,Retired,0,1507,Medium
CUST00131,36,99242,763,2,29615,10092,3,40,Salaried,0,31152,Medium
CUST00132,63,110706,607,2,63866,4990,1,144,Self-Employed,0,43286,Low
CUST00133,60,51555,544,2,32750,5476,0,222,Business,0,27849,Low
CUST00134,43,84346,729,6,0,9850,0,33,Salaried,0,33861,Low
CUST00135,41,62147,652,5,24499,6524,1,188,Retired,1,38642,Low
CUST00136,48,91408,608,2,47868,7798,0,130,Salaried,0,16894,Medium
CUST00137,56,64880,718,1,28569,500,4,147,Salaried,1,34418,Medium
CUST00138,68,40276,542,2,35256,10684,0,126,Self-Employed,1,35732,Low
CUST00139,26,104604,619,1,68194,13301,0,93,Salaried,1,2801,Low
CUST00140,23,67956,512,2,27092,10448,0,119,Salaried,1,28291,Low
CUST00141,62,54456,698,2,42147,11062,0,217,Retired,1,33305,Medium
CUST00142,66,70333,790,5,39136,11701,1,79,Salaried,1,32432,Low
CUST00143,41,42900,639,7,77234,7261,0,51,Salaried,0,30451,Medium
CUST00144,28,77457,624,2,46460,4437,2,102,Salaried,1,40681,Medium
CUST00145,57,59111,804,4,69036,10083,1,163,Business,1,68977,Medium
CUST00146,29,41156,723,5,23407,12265,0,233,Salaried,1,28884,Low
CUST00147,48,136306,846,5,97590,3664,0,87,Salaried,1,56635,Low
CUST00148,27,34781,691,4,69918,10873,3,152,Salaried,1,0,Medium
CUST00149,45,75598,695,7,94739,9152,0,189,Salaried,1,27852,Medium
CUST00150,57,66703,781,6,50982,7557,2,184,Retired,1,0,Medium
CUST00151,26,34232,669,7,26825,6945,0,143,Business,0,14878,Low
CUST00152,41,54880,697,5,38162,9091,2,101,Self-Employed,1,58768,Medium
CUST00153,41,24723,510,2,51288,5428,1,202,Self-Employed,1,41036,Medium
CUST00154,62,126994,801,4,50894,20104,0,76,Self-Employed,1,27171,Low
CUST00155,61,56961,707,7,32726,2686,8,166,Salaried,1,47856,Medium
CUST00156,55,59515,672,2,44579,500,0,226,Salaried,1,30042,Medium
CUST00157,60,123356,743,5,52638,9166,0,202,Salaried,1,17035,Low
CUST00158,31,40280,597,3,20566,8356,0,117,Self-Employed,1,0,Medium
CUST00159,24,103832,641,4,33950,10135,5,113,Retired,0,33489,Medium
CUST00160,55,82775,718,1,85129,500,0,150,Salaried,1,5705,Low
CUST00161,56,15000,683,5,81010,666,1,53,Business,0,24768,High
CUST00162,58,53867,711,7,21183,6219,1,224,Retired,0,22740,Low
CUST00163,66,78098,697,7,101813,11514,0,97,Business,1,17425,Low
CUST00164,66,66067,724,3,21107,733,1,103,Salaried,0,31411,Low
CUST00165,59,66147,587,5,57211,9794,1,177,Self-Employed,1,61081,Low
CUST00166,67,46785,769,2,84860,7016,1,209,Salaried,1,28335,Medium
CUST00167,44,43613,646,6,21084,8635,0,100,Salaried,1,23269,Low
CUST00168,58,55747,684,6,11166,7894,5,73,Salaried,0,20500,Medium
CUST00169,42,123839,637,2,59716,7928,0,143,Salaried,0,25420,Low
CUST00170,48,37769,659,6,42857,7910,1,45,Salaried,1,46211,Low
CUST00171,22,50533,696,2,34593,12417,4,37,Self-Employed,0,0,Medium
CUST00172,30,65865,731,3,4340,8139,0,128,Business,0,19796,Low
CUST00173,24,21105,743,2,84515,12069,0,65,Salaried,0,0,Medium
CUST00174,59,77958,710,5,52549,6238,0,166,Salaried,1,15453,Low
CUST00175,57,26359,638,5,65628,12471,2,178,Salaried,1,26098,Medium
CUST00176,55,32382,705,6,79951,7055,2,224,Salaried,1,45218,Medium
CUST00177,51,30942,696,5,0,7102,3,32,Self-Employed,1,40437,Low
CUST00178,52,15782,684,4,50369,894,0,65,Salaried,1,51924,Medium
CUST00179,51,103049,717,5,0,4388,9,195,Business,1,17976,Medium
CUST00180,37,80647,590,2,67521,5194,0,232,Business,1,6633,Low
CUST00181,50,92671,538,7,85396,763,3,109,Salaried,1,13248,Medium
CUST00182,27,89937,763,7,42320,4547,0,74,Salaried,1,37879,Low
CUST00183,35,59956,670,4,42928,10747,0,230,Salaried,1,52916,Low
CUST00184,31,64114,709,4,62230,11186,0,53,Salaried,1,33580,Low
CUST00185,45,95411,619,4,59275,1259,0,121,Salaried,1,15216,Low
CUST00186,57,114152,768,4,38366,14650,0,165,Business,0,0,Low
CUST00187,45,27257,704,6,66221,11356,0,208,Salaried,0,20287,Medium
CUST00188,28,140598,667,3,37930,16321,0,159,Salaried,1,38585,Low
CUST00189,58,25530,700,7,54188,12426,1,211,Salaried,1,0,Medium
CUST00190,67,51141,558,6,7378,15567,0,127,Salaried,0,64947,Low
CUST00191,69,67222,706,5,79539,9674,0,221,Retired,1,20958,Low
CUST00192,61,69977,784,3,18832,4894,6,192,Business,1,45088,Medium
CUST00193,69,123914,702,6,54502,9045,0,139,Salaried,1,3569,Low
CUST00194,59,95357,693,1,11193,500,0,208,Self-Employed,1,15766,Low
CUST00195,46,77385,657,3,31698,7356,0,207,Salaried,0,51571,Low
CUST00196,64,96064,755,6,29513,7819,2,118,Salaried,1,1373,Low
CUST00197,55,75372,766,7,60667,11861,0,16,Salaried,1,36010,Medium
CUST00198,22,44737,649,7,89343,8828,0,155,Salaried,1,7619,Medium
CUST00199,49,79569,705,6,22090,6234,2,148,Self-Employed,0,6736,Medium
CUST00200,62,67026,696,4,17630,2409,0,36,Salaried,0,23459,Low
CUST00201,50,39714,708,5,76193,4989,0,196,Salaried,1,11775,Medium
CUST00202,53,102883,625,6,23591,7104,0,177,Salaried,1,31128,Low
CUST00203,26,63366,759,5,114618,5185,0,147,Self-Employed,1,20266,Medium
CUST00204,55,31384,719,2,13185,500,0,139,Salaried,1,10302,Low
CUST00205,67,36120,764,6,66778,7953,0,76,Self-Employed,0,21255,Medium
CUST00206,47,81049,601,3,0,6135,3,170,Salaried,1,55406,Low
CUST00207,34,96482,606,5,14490,6060,0,44,Salaried,1,6312,Low
CUST00208,33,79449,824,1,15605,8656,0,194,Business,1,3600,Low
CUST00209,43,79586,760,1,27067,6176,0,135,Salaried,1,5187,Low
CUST00210,30,40690,622,7,69845,12309,0,139,Business,1,5667,Medium
CUST00211,27,67786,740,6,43836,5050,0,208,Salaried,0,6662,Medium
CUST00212,57,55096,647,3,79251,4710,4,93,Salaried,1,0,Medium
CUST00213,31,59151,561,6,69207,4967,0,47,Salaried,1,42610,Medium
CUST00214,58,61646,532,6,15251,8708,1,95,Self-Employed,0,28488,Low
CUST00215,53,45201,678,2,41790,8647,4,163,Self-Employed,1,24016,Medium
CUST00216,25,87549,789,6,81710,5760,0,200,Retired,0,73019,Low
CUST00217,25,34726,786,6,19369,7947,1,222,Business,1,36843,Low
CUST00218,34,26041,768,7,62224,9522,1,39,Salaried,1,96080,Medium
CUST00219,37,41443,738,1,23247,10397,0,71,Self-Employed,0,50867,Low
CUST00220,64,91501,702,2,16421,7535,0,105,Self-Employed,0,715,Low
CUST00221,47,75174,760,7,36058,4846,0,90,Salaried,1,0,Low
CUST00222,54,15000,539,7,11728,4851,0,125,Salaried,1,14694,Medium
CUST00223,25,82918,749,7,82284,9051,2,84,Salaried,1,17934,Medium
CUST00224,47,63544,601,3,0,10899,1,135,Self-Employed,1,50540,Low
CUST00225,30,52478,616,7,60606,8602,2,50,Salaried,0,16771,Medium
CUST00226,62,57740,728,6,60464,6453,0,170,Business,0,22782,Low
CUST00227,32,24991,745,5,31288,5720,3,12,Self-Employed,0,1646,Medium
CUST00228,26,70197,637,2,0,11226,0,24,Salaried,1,38224,Low
CUST00229,59,26973,725,6,58649,3089,0,239,Salaried,0,46959,Medium
CUST00230,53,54499,719,1,31587,6098,1,205,Salaried,1,40489,Medium
CUST00231,50,54538,658,2,26293,13759,5,53,Retired,0,27604,Medium
CUST00232,59,88097,690,5,80728,12677,0,176,Salaried,1,45502,Medium
CUST00233,61,66192,825,6,89028,8800,1,196,Business,1,35682,Low
CUST00234,49,86179,660,5,29734,6055,0,46,Self-Employed,1,40794,Low
CUST00235,45,29127,662,7,21761,6986,0,48,Self-Employed,1,9368,Low
CUST00236,40,61765,690,1,0,8345,0,86,Business,1,19160,Low
CUST00237,22,80909,667,2,0,16430,0,221,Salaried,1,37403,Low
CUST00238,26,102268,735,2,21467,12097,0,138,Self-Employed,1,15719,Low
CUST00239,44,30824,782,4,77262,11567,2,31,Self-Employed,1,65776,Medium
CUST00240,40,39771,662,1,58556,7379,0,205,Retired,1,33477,Medium
CUST00241,23,80158,620,7,76741,6014,1,227,Self-Employed,1,36504,Medium
CUST00242,69,113347,818,2,65828,7212,1,219,Retired,1,46079,Low
CUST00243,23,73576,688,3,45023,11982,0,162,Business,0,30399,Low
CUST00244,30,31701,560,4,47852,14504,1,194,Business,1,34426,Medium
CUST00245,39,32286,810,1,61137,4587,2,68,Business,1,13462,Medium
CUST00246,37,69045,758,5,38304,500,0,189,Salaried,1,18258,Low
CUST00247,60,75727,792,1,54514,6997,0,177,Self-Employed,0,24935,Medium
CUST00248,30,58361,780,3,55854,12244,3,58,Salaried,0,3086,Medium
CUST00249,65,32627,850,3,52297,5717,8,119,Salaried,1,57222,High
CUST00250,44,98042,607,5,27985,9810,0,104,Business,1,2212,Low
CUST00251,54,54538,624,5,85154,3500,4,139,Retired,1,3516,Medium
CUST00252,59,80808,645,5,84741,6823,1,169,Salaried,1,25187,Medium
CUST00253,55,15000,643,7,7092,4845,0,207,Self-Employed,1,34058,Low
CUST00254,47,101034,688,4,0,7388,4,104,Self-Employed,1,10448,Medium
CUST00255,38,44455,645,7,31758,8812,4,133,Salaried,1,14734,Medium
CUST00256,35,105340,596,3,20989,10763,0,54,Salaried,1,19576,Low
CUST00257,34,83382,618,5,0,6322,0,129,Salaried,1,25659,Low
CUST00258,43,22137,659,3,33712,3454,3,166,Retired,1,37848,Medium
CUST00259,64,72365,760,4,87811,1917,0,236,Salaried,1,10017,Low
CUST00260,69,114695,639,6,58716,12329,0,93,Salaried,1,16544,Low
CUST00261,39,47062,736,7,69572,4740,6,75,Self-Employed,1,32633,Medium
CUST00262,41,114749,587,4,84680,10062,0,17,Salaried,1,48601,Low
CUST00263,51,76572,456,7,68138,1633,1,107,Salaried,1,43263,Medium
CUST00264,56,105210,670,6,40042,14279,0,42,Salaried,1,32656,Low
CUST00265,54,69784,637,3,80048,19134,0,215,Retired,1,0,Low
CUST00266,67,61280,618,5,21032,9317,0,98,Salaried,1,7509,Low
CUST00267,38,120114,610,6,0,6842,0,168,Salaried,0,9318,Low
CUST00268,56,86642,630,1,86975,13755,0,142,Self-Employed,0,45284,Low
CUST00269,33,57940,610,2,91131,6015,2,108,Self-Employed,0,3771,Medium
CUST00270,23,77716,617,3,32745,8201,1,114,Salaried,1,0,Medium
CUST00271,55,48054,584,6,28969,500,2,231,Salaried,1,32779,Medium
CUST00272,33,68236,530,4,61753,7691,1,221,Salaried,1,34932,Medium
CUST00273,47,100868,525,7,12110,12626,0,119,Self-Employed,1,9900,Low
CUST00274,53,60144,850,7,37793,6158,7,225,Salaried,0,16162,Medium
CUST00275,42,38764,675,5,52037,6223,0,159,Salaried,0,56978,Medium
CUST00276,26,35993,786,6,24263,6254,0,219,Retired,1,0,Low
CUST00277,49,67208,667,2,77981,15851,2,69,Self-Employed,1,4210,Medium
CUST00278,44,40773,669,3,52716,8909,0,68,Salaried,0,37231,Medium
CUST00279,69,22017,701,1,40912,8155,0,82,Self-Employed,0,27304,Medium
CUST00280,53,29042,724,1,74478,6380,4,15,Salaried,1,23657,Medium
CUST00281,26,100252,592,4,49545,12112,0,53,Salaried,1,0,Low
CUST00282,56,60728,653,4,23545,4777,1,113,Salaried,0,5859,Low
CUST00283,27,66732,701,4,82939,13031,3,45,Self-Employed,0,18770,Medium
CUST00284,40,36001,544,3,44225,7531,7,239,Salaried,1,62956,High
CUST00285,65,47555,770,1,0,12685,0,29,Salaried,1,14377,Low
CUST00286,61,46587,754,1,53416,6524,0,108,Salaried,1,0,Medium
CUST00287,27,56696,532,4,0,11273,2,204,Business,1,16117,Medium
CUST00288,35,15248,618,4,107653,10158,0,123,Business,0,10662,High
CUST00289,24,97690,687,7,55869,7761,1,164,Self-Employed,1,36531,Medium
CUST00290,32,64507,738,5,55869,13475,1,184,Business,0,0,Low
CUST00291,60,71062,786,7,67573,13183,1,153,Salaried,1,11406,Medium
CUST00292,62,92430,635,1,0,5421,1,22,Salaried,1,53550,Low
CUST00293,45,90132,843,4,56931,5132,3,132,Retired,0,37459,Medium
CUST00294,64,47747,676,7,14551,7032,0,191,Salaried,1,26262,Low
CUST00295,66,83134,664,4,32764,6808,1,19,Salaried,0,13854,Medium
CUST00296,39,82825,719,4,58077,12157,0,71,Salaried,0,38490,Low
CUST00297,52,74479,701,6,28374,9434,0,53,Self-Employed,0,37755,Low
CUST00298,31,96833,697,5,0,4402,0,155,Self-Employed,1,2536,Low
CUST00299,47,88985,819,1,59379,4587,1,178,Salaried,1,46966,Low
CUST00300,50,86821,697,1,66446,8451,7,112,Business,1,69675,Medium
CUST00301,23,105958,611,1,11849,11464,2,106,Self-Employed,1,16973,Low
CUST00302,51,65859,621,5,21374,14259,0,53,Salaried,1,4795,Low
CUST00303,60,66733,783,3,39075,8686,2,157,Salaried,1,41068,Low
CUST00304,68,89576,727,5,102643,7502,0,132,Retired,1,43639,Low
CUST00305,31,59646,571,7,96938,7104,2,146,Salaried,0,19753,Medium
CUST00306,33,79448,567,6,77677,5085,3,143,Self-Employed,1,983,Medium
CUST00307,41,48196,681,2,107271,7688,0,107,Salaried,1,33700,Medium
CUST00308,62,15000,723,7,77320,6052,0,234,Salaried,0,0,High
CUST00309,40,82936,632,6,53177,6365,0,213,Salaried,0,27820,Low
CUST00310,27,18539,562,7,11817,10378,0,41,Self-Employed,1,0,Medium
CUST00311,44,44026,601,5,0,2241,1,189,Self-Employed,1,16482,Low
CUST00312,40,89600,795,7,30314,500,0,238,Self-Employed,1,49129,Low
CUST00313,52,89952,714,2,50733,4194,0,56,Retired,1,68111,Low
CUST00314,54,100258,750,7,114084,11166,1,42,Business,1,46007,Low
CUST00315,23,15000,761,6,38221,9400,4,234,Salaried,1,28364,Medium
CUST00316,36,73880,636,4,49583,11762,0,57,Salaried,1,34617,Low
CUST00317,32,57269,653,7,55351,1399,0,193,Self-Employed,1,29600,Medium
CUST00318,47,94646,668,2,51172,10049,0,57,Self-Employed,0,4393,Low
CUST00319,39,109290,709,5,98333,2248,0,236,Salaried,1,33461,Medium
CUST00320,22,25732,756,3,84836,3674,0,16,Salaried,0,18005,Medium
CUST00321,53,65476,810,1,45156,2811,9,21,Salaried,1,40904,Medium
CUST00322,25,89978,737,5,26274,3481,0,121,Self-Employed,1,47865,Low
CUST00323,43,54860,737,1,28115,18568,0,162,Business,1,16121,Low
CUST00324,57,117370,814,6,45984,10123,0,18,Salaried,1,23517,Low
CUST00325,50,52955,665,2,23675,607,3,69,Business,1,29883,Medium
CUST00326,57,55993,763,4,72163,1711,0,58,Self-Employed,0,29420,Low
CUST00327,54,32800,720,4,24727,8322,2,103,Salaried,1,69030,Low
CUST00328,60,69617,723,5,91662,8672,1,32,Business,1,19466,Low
CUST00329,35,15000,664,7,65705,5456,5,170,Business,1,0,High
CUST00330,69,57567,582,2,5809,14756,0,166,Salaried,1,20884,Low
CUST00331,68,103069,704,2,89181,4439,0,168,Salaried,1,63180,Low
CUST00332,58,23097,704,1,5310,11716,2,149,Retired,0,33157,Low
CUST00333,66,16450,639,6,93179,11251,1,83,Salaried,1,27142,High
CUST00334,26,98486,673,7,67328,17612,1,148,Business,1,901,Low
CUST00335,43,102551,618,6,112258,17783,1,150,Salaried,1,22291,Medium
CUST00336,26,24329,618,2,0,10776,1,161,Salaried,1,55616,Low
CUST00337,58,116982,646,7,49258,8144,5,115,Salaried,1,47056,Medium
CUST00338,59,77973,587,3,44225,9429,5,101,Salaried,1,53934,Medium
CUST00339,67,96462,639,4,26434,10458,0,61,Salaried,0,161,Low
CUST00340,55,41243,729,6,74685,560,0,112,Salaried,0,39777,Medium
CUST00341,36,109671,781,3,35378,2007,1,179,Salaried,1,0,Low
CUST00342,69,56959,825,6,88225,11899,0,77,Business,1,23187,Medium
CUST00343,58,55638,651,3,17089,13466,0,202,Business,1,31263,Low
CUST00344,48,79471,764,1,0,13949,0,158,Self-Employed,0,48533,Low
CUST00345,69,53239,703,2,22623,7148,7,127,Self-Employed,1,43638,Medium
CUST00346,22,19378,663,1,62203,9309,0,27,Salaried,1,50265,Medium
CUST00347,50,68953,708,6,75056,6166,3,143,Business,1,53055,Medium
CUST00348,29,55452,757,4,16308,15356,0,60,Business,1,23501,Low
CUST00349,54,41962,645,7,60625,6446,1,49,Salaried,1,0,Medium
CUST00350,28,102215,643,1,55542,4871,0,146,Salaried,0,36245,Low
CUST00351,50,136769,651,6,51219,7361,0,194,Salaried,1,41949,Low
CUST00352,52,37426,636,3,97441,6434,4,25,Salaried,1,14152,Medium
CUST00353,59,70923,763,7,36399,7712,7,215,Salaried,1,26493,Medium
CUST00354,29,53046,626,1,16863,11608,0,96,Business,1,38726,Low
CUST00355,52,133651,638,2,47273,8508,1,45,Salaried,1,55684,Low
CUST00356,58,79752,701,1,40125,5632,1,160,Salaried,1,0,Medium
CUST00357,36,92808,696,2,72116,5385,0,138,Self-Employed,1,49613,Low
CUST00358,53,100454,651,7,45232,5855,0,175,Self-Employed,1,23811,Low
CUST00359,47,68904,797,7,52595,500,2,74,Salaried,0,21706,Low
CUST00360,69,59408,635,3,36402,11615,0,53,Salaried,1,50015,Low
CUST00361,32,110567,668,2,0,10468,0,188,Salaried,1,14184,Low
CUST00362,44,88336,545,2,50463,14231,8,82,Business,0,35728,Medium
CUST00363,55,39623,658,7,80432,9522,0,96,Salaried,1,11167,Medium
CUST00364,54,43273,587,6,62516,1974,0,149,Salaried,0,20851,Medium
CUST00365,38,53310,615,2,0,8607,3,32,Salaried,1,54508,Low
CUST00366,54,99776,543,7,34844,8737,0,124,Salaried,1,33500,Low
CUST00367,23,109203,617,7,37522,10967,1,219,Salaried,1,50634,Low
CUST00368,25,129551,674,6,61626,15191,0,74,Self-Employed,1,0,Low
CUST00369,33,43738,662,2,49320,3059,5,100,Salaried,1,51385,Medium
CUST00370,50,69206,650,4,0,10267,0,88,Self-Employed,0,4539,Low
CUST00371,63,52993,657,5,14125,7326,0,138,Salaried,1,12433,Low
CUST00372,63,59529,644,6,34095,18274,0,130,Salaried,1,15804,Low
CUST00373,68,92896,677,4,25487,11527,0,61,Salaried,1,32537,Low
CUST00374,64,63623,672,1,38914,6948,3,38,Salaried,0,32852,Medium
CUST00375,60,104475,699,4,30743,13437,0,147,Salaried,1,37255,Low
CUST00376,63,49511,665,4,37840,7017,0,169,Self-Employed,1,32505,Medium
CUST00377,40,87242,649,2,68675,10721,0,234,Business,1,32797,Low
CUST00378,23,51717,734,1,79916,6455,8,134,Salaried,1,18899,High
CUST00379,28,15000,722,1,40206,8298,0,210,Self-Employed,1,29543,Medium
CUST00380,67,34355,677,3,62562,13093,1,41,Salaried,1,33788,Medium
CUST00381,43,68723,763,2,57580,6532,1,29,Salaried,1,0,Low
CUST00382,32,122644,685,4,86097,500,3,34,Retired,1,35664,Medium
CUST00383,54,51212,668,3,65137,4975,2,49,Business,0,29423,Medium
CUST00384,41,59924,675,3,106991,13932,0,116,Salaried,0,46081,Medium
CUST00385,26,79690,691,6,65930,14340,0,41,Business,1,55138,Low
CUST00386,25,47017,615,7,0,5135,0,130,Salaried,0,56300,Low
CUST00387,35,50487,548,7,85302,1625,1,41,Business,1,0,Medium
CUST00388,24,67163,699,7,72603,6130,0,211,Business,0,7715,Medium
CUST00389,39,51903,738,4,71960,11864,0,215,Salaried,1,4647,Low
CUST00390,48,15000,609,7,5650,7123,0,85,Salaried,1,25634,Low
CUST00391,25,45494,755,1,77815,500,5,82,Business,0,11812,Medium
CUST00392,24,83447,564,2,74630,10269,2,178,Salaried,1,44519,Medium
CUST00393,48,84380,640,2,3022,12128,0,28,Salaried,1,11561,Low
CUST00394,49,105087,799,4,66263,14331,0,235,Salaried,1,29100,Low
CUST00395,43,102666,704,7,53784,500,0,80,Self-Employed,1,9326,Low
CUST00396,63,37994,658,2,45279,12579,0,117,Salaried,1,27675,Medium
CUST00397,50,42637,697,5,42484,8745,1,224,Salaried,1,0,Low
CUST00398,37,43961,763,7,0,5359,2,234,Business,1,11762,Low
CUST00399,56,60438,578,3,42939,1409,3,191,Business,1,0,Medium
CUST00400,40,46301,772,3,68283,578,4,90,Salaried,1,47195,Medium
CUST00401,51,59764,645,5,20280,4927,0,152,Salaried,0,27276,Low
CUST00402,36,38834,729,2,43296,4739,3,18,Business,1,22604,Medium
CUST00403,26,88532,637,1,29746,7574,2,227,Salaried,1,17096,Medium
CUST00404,52,36558,797,6,32131,13922,1,79,Self-Employed,1,21332,Low
CUST00405,64,35072,677,5,0,7718,6,71,Self-Employed,1,46187,Medium
CUST00406,52,80606,586,5,64813,1831,5,116,Self-Employed,1,25033,Medium
CUST00407,30,86668,712,7,45577,3926,4,222,Business,0,17161,Medium
CUST00408,34,58246,771,7,20485,9340,0,185,Salaried,0,0,Low
CUST00409,64,91069,763,3,80921,4990,0,46,Salaried,1,14007,Medium
CUST00410,42,88903,686,1,70699,7534,4,40,Retired,1,22628,Medium
CUST00411,67,121974,736,1,42995,12613,0,111,Salaried,1,32448,Low
CUST00412,52,86987,650,2,82491,10598,2,130,Salaried,1,35597,Medium
CUST00413,22,116216,721,1,92497,5804,1,45,Salaried,1,39227,Low
CUST00414,62,66857,705,2,16781,4073,2,147,Self-Employed,1,22229,Medium
CUST00415,34,106988,477,7,11542,15877,0,205,Self-Employed,1,6912,Low
CUST00416,55,107622,609,7,0,5198,0,15,Salaried,1,21354,Low
CUST00417,57,60721,694,4,23740,17565,3,77,Salaried,1,6126,Medium
CUST00418,37,44343,691,5,33379,14477,0,105,Salaried,1,0,Low
CUST00419,31,49619,677,6,0,7641,1,68,Business,1,33292,Low
CUST00420,59,77453,686,6,19848,3120,2,104,Salaried,1,0,Low
CUST00421,62,30508,764,7,67186,8153,0,143,Business,0,3097,Medium
CUST00422,55,51388,704,5,52909,13268,0,96,Self-Employed,1,23899,Medium
CUST00423,46,100916,516,2,22197,6480,2,212,Salaried,0,57996,Low
CUST00424,22,85005,816,2,82179,2730,0,205,Salaried,1,11256,Low
CUST00425,33,15000,546,2,4585,5763,0,159,Salaried,0,0,Low
CUST00426,43,25020,747,7,60014,9560,4,124,Salaried,1,21838,Medium
CUST00427,43,129766,570,5,38035,9884,1,108,Salaried,1,23023,Low
CUST00428,69,100387,779,2,47864,8325,4,66,Salaried,1,5761,Low
CUST00429,23,47512,660,5,54020,6135,0,17,Salaried,1,19998,Low
CUST00430,66,20347,706,6,80912,7510,1,40,Self-Employed,1,9402,Medium
CUST00431,29,27514,540,7,66280,6159,0,91,Salaried,0,31858,Medium
CUST00432,54,80274,731,5,77807,8541,0,111,Self-Employed,1,10057,Low
CUST00433,26,124307,709,6,14468,9050,9,144,Salaried,1,10250,Medium
CUST00434,31,122397,723,7,36345,7024,0,176,Salaried,1,40674,Low
CUST00435,24,17729,746,3,16611,4630,0,148,Self-Employed,1,20697,Low
CUST00436,32,56126,692,7,5788,13004,3,235,Self-Employed,1,13036,Medium
CUST00437,51,39288,665,6,72108,9192,3,48,Salaried,1,55196,Medium
CUST00438,49,69108,623,3,0,10865,7,237,Retired,1,31821,Medium
CUST00439,26,25068,648,4,27482,5031,0,178,Self-Employed,1,0,Low
CUST00440,33,48625,764,7,28538,7640,0,74,Self-Employed,1,328,Low
CUST00441,65,38982,621,4,38631,4947,0,196,Salaried,1,22840,Medium
CUST00442,66,80708,550,7,10684,13657,1,51,Salaried,0,42530,Low
CUST00443,50,49554,610,7,22884,3669,0,232,Salaried,1,0,Low
CUST00444,47,53864,722,7,100956,3967,0,75,Salaried,1,0,Medium
CUST00445,50,80327,658,6,37151,8271,2,234,Salaried,1,52240,Low
CUST00446,50,114275,722,1,18495,3331,1,133,Self-Employed,0,8692,Low
CUST00447,35,128473,539,2,52065,13649,0,142,Salaried,1,8810,Low
CUST00448,57,78680,471,6,47269,2360,5,54,Business,1,0,Medium
CUST00449,56,62342,698,6,102747,7049,0,136,Salaried,0,35870,Medium
CUST00450,29,104487,750,5,36802,6331,4,36,Salaried,1,0,Medium
CUST00451,37,100014,560,1,59609,9202,5,66,Salaried,0,22827,Medium
CUST00452,64,91454,716,3,9002,4790,0,117,Business,0,34118,Low
CUST00453,26,17619,763,5,23440,9030,0,47,Salaried,1,26426,Low
CUST00454,37,101245,679,6,26362,4556,0,119,Salaried,1,29261,Low
CUST00455,62,75746,743,7,526,3962,3,197,Salaried,1,12747,Low
CUST00456,34,38188,693,1,46422,7095,0,216,Business,0,46676,Medium
CUST00457,29,44843,661,6,52550,7582,1,114,Self-Employed,0,33024,Medium
CUST00458,47,82460,737,3,48821,6877,1,30,Salaried,0,0,Low
CUST00459,26,15000,813,7,0,6449,0,198,Salaried,1,14529,Low
CUST00460,30,61235,640,7,16033,13458,8,155,Salaried,1,63110,Medium
CUST00461,59,45348,673,4,33161,9206,3,105,Self-Employed,1,32290,Medium
CUST00462,23,42291,610,2,9991,8976,0,110,Salaried,1,39045,Low
CUST00463,28,51284,690,7,0,12295,0,141,Business,1,1089,Low
CUST00464,51,20617,669,2,73740,2559,0,139,Self-Employed,1,45155,Medium
CUST00465,38,96574,761,1,90305,16314,4,204,Salaried,1,0,Medium
CUST00466,65,15000,779,3,79330,1283,0,70,Salaried,1,31198,High
CUST00467,52,70078,735,1,53759,12925,9,59,Salaried,1,18697,Medium
CUST00468,22,39573,753,3,27189,1281,0,137,Salaried,1,19346,Low
CUST00469,49,124507,630,3,110036,7742,0,14,Self-Employed,1,45506,Low
CUST00470,51,65680,613,7,77152,5527,1,165,Salaried,0,2526,Medium
CUST00471,68,15000,710,2,20343,14109,0,103,Salaried,1,29733,Medium
CUST00472,52,81404,681,4,90287,11084,4,230,Salaried,0,30221,Medium
CUST00473,45,32222,819,4,49957,6851,0,153,Salaried,1,30050,Medium
CUST00474,52,94546,545,5,84605,10126,8,126,Salaried,1,53296,Medium
CUST00475,32,83531,723,7,92820,9127,4,163,Salaried,0,24212,Medium
CUST00476,63,109177,722,3,25138,10806,3,174,Self-Employed,0,33957,Medium
CUST00477,37,70610,626,2,40961,7213,0,127,Salaried,1,45720,Low
CUST00478,30,89574,612,3,52431,5223,1,237,Salaried,0,9927,Medium
CUST00479,51,66282,656,6,47777,500,0,227,Salaried,1,21860,Low
CUST00480,33,47310,565,7,14150,6622,8,17,Salaried,1,0,Medium
CUST00481,68,96972,782,5,48363,8537,0,201,Self-Employed,1,36210,Low
CUST00482,37,28085,850,6,36222,3997,0,234,Salaried,1,27159,Low
CUST00483,54,63910,656,2,36707,7697,6,232,Self-Employed,1,39712,Medium
CUST00484,27,47943,635,3,0,12456,0,47,Self-Employed,1,23414,Low
CUST00485,66,90262,588,4,38013,8356,0,40,Salaried,0,14073,Medium
CUST00486,22,36599,603,4,109290,5045,1,152,Business,1,32271,Medium
CUST00487,34,52735,638,5,58673,11692,4,147,Business,0,53813,Medium
CUST00488,58,66317,764,7,35512,8876,0,154,Salaried,0,36639,Low
CUST00489,56,109631,850,6,61146,8761,5,44,Salaried,1,0,Medium
CUST00490,65,49024,629,4,87259,6284,0,100,Self-Employed,1,28774,Medium
CUST00491,47,52973,616,3,23426,2959,3,155,Salaried,0,67524,Medium
CUST00492,63,24553,598,5,95584,8973,0,96,Salaried,0,11795,Medium
CUST00493,30,35510,711,6,12948,9470,0,191,Salaried,0,15276,Low
CUST00494,38,77389,704,1,33296,5132,3,112,Salaried,1,0,Low
CUST00495,59,65962,687,5,30687,8623,0,92,Self-Employed,1,23230,Low
CUST00496,67,66443,648,4,81526,11739,0,173,Salaried,1,15926,Low
CUST00497,56,117236,775,2,11810,3934,0,216,Salaried,1,34503,Low
CUST00498,46,15000,733,5,76905,9688,1,45,Self-Employed,1,25220,High
CUST00499,28,134534,730,3,39465,7599,0,138,Salaried,1,28724,Low
CUST00500,62,100348,705,6,49149,11839,0,182,Salaried,0,36073,Low
CUST00501,68,55226,666,5,80564,12308,0,200,Salaried,1,0,Medium
CUST00502,52,76736,629,4,59454,8246,0,218,Self-Employed,1,47899,Low
CUST00503,53,44514,716,5,83318,7989,1,116,Self-Employed,1,33297,Medium
CUST00504,69,74576,709,3,76310,7105,3,33,Salaried,0,44458,Medium
CUST00505,40,129495,719,3,123585,3766,2,62,Salaried,0,33347,Medium
CUST00506,38,45611,570,4,79597,9575,0,15,Retired,0,32788,Medium
CUST00507,27,58039,703,7,48688,8244,1,188,Retired,1,21361,Medium
CUST00508,46,42297,658,3,46837,4978,0,178,Self-Employed,1,15219,Medium
CUST00509,54,47116,618,4,97071,500,4,226,Self-Employed,1,42426,Medium
CUST00510,40,52919,730,5,54644,10202,1,216,Self-Employed,0,33685,Medium
CUST00511,36,32153,692,5,60837,6575,0,211,Salaried,1,18114,Medium
CUST00512,56,57091,844,1,81601,10737,0,12,Salaried,0,51657,Low
CUST00513,53,66626,713,4,35939,2545,1,180,Self-Employed,1,21272,Low
CUST00514,59,52905,659,2,19612,8286,1,189,Salaried,1,33083,Medium
CUST00515,57,15000,672,4,63644,7873,0,220,Salaried,1,2028,Medium
CUST00516,53,60370,597,5,31857,7160,0,28,Salaried,0,16042,Low
CUST00517,53,63581,766,6,92110,14321,1,19,Salaried,1,2834,Medium
CUST00518,61,121926,702,5,0,8643,0,78,Salaried,1,3054,Low
CUST00519,57,65804,703,3,31614,1076,1,104,Salaried,1,21067,Low
CUST00520,55,93067,605,1,55843,6397,0,129,Salaried,0,14332,Low
CUST00521,31,52229,734,2,27918,1546,0,97,Salaried,1,44178,Low
CUST00522,65,103945,614,7,90972,13661,0,77,Self-Employed,0,12262,Low
CUST00523,54,36663,641,1,55203,8985,2,13,Self-Employed,1,34707,Medium
CUST00524,65,80149,688,4,28669,7360,0,28,Salaried,1,10173,Low
CUST00525,31,90210,639,6,56292,2357,2,84,Business,0,24776,Medium
CUST00526,65,85808,624,4,6267,8691,1,172,Salaried,1,3055,Low
CUST00527,56,129924,676,5,64545,12195,1,232,Self-Employed,1,38311,Low
CUST00528,43,47469,750,3,88689,10366,7,232,Salaried,1,54558,High
CUST00529,44,107413,742,2,44498,10208,4,193,Salaried,1,1729,Medium
CUST00530,28,99669,729,7,48758,13736,1,119,Self-Employed,1,36561,Low
CUST00531,42,66483,714,6,15060,14113,1,209,Salaried,1,56906,Low
CUST00532,22,120177,646,3,26143,8432,0,118,Salaried,1,8583,Low
CUST00533,34,60603,758,2,80471,10354,5,145,Self-Employed,1,54195,Medium
CUST00534,30,65669,558,6,45380,14854,4,191,Salaried,1,25668,Medium
CUST00535,69,64835,710,1,115787,3982,2,112,Self-Employed,1,22718,Medium
CUST00536,68,26804,738,7,66101,9911,0,56,Self-Employed,0,19114,Medium
CUST00537,41,87845,673,5,14578,3911,2,12,Salaried,1,19427,Low
CUST00538,68,83161,629,3,117898,6505,0,91,Self-Employed,1,633,Low
CUST00539,68,61859,677,4,5732,13352,0,62,Self-Employed,0,13363,Low
CUST00540,31,117876,626,7,37071,4624,2,150,Salaried,1,67751,Low
CUST00541,47,51883,715,5,53802,12361,6,33,Self-Employed,1,0,Medium
CUST00542,68,15000,746,2,58006,5570,0,173,Self-Employed,1,28523,Medium
CUST00543,65,122066,711,7,30028,12397,0,140,Salaried,1,23317,Low
CUST00544,22,95333,707,6,48916,13853,0,88,Self-Employed,1,21996,Low
CUST00545,66,83781,733,7,88608,4374,6,60,Self-Employed,1,9042,Medium
CUST00546,38,54816,741,5,89032,10551,1,121,Salaried,1,0,Medium
CUST00547,38,75262,625,4,103300,12438,1,60,Salaried,1,30581,Medium
CUST00548,60,27188,572,4,22534,6269,1,181,Business,0,11982,Low
CUST00549,64,58245,699,2,57409,10274,1,103,Salaried,1,26715,Medium
CUST00550,33,37889,744,5,62215,3218,0,188,Salaried,0,10060,Medium
CUST00551,62,72856,569,3,0,16765,0,24,Self-Employed,0,35217,Low
CUST00552,36,92704,684,5,39277,5020,2,105,Retired,1,23742,Medium
CUST00553,22,33571,758,7,65155,6845,0,239,Salaried,1,28693,Medium
CUST00554,53,86747,671,4,43998,7467,0,207,Business,1,35071,Low
CUST00555,32,70992,786,6,27914,8326,1,153,Salaried,1,25117,Low
CUST00556,26,85515,773,2,59675,9791,0,175,Salaried,1,9244,Low
CUST00557,39,57733,667,1,84775,9726,0,195,Retired,1,42128,Low
CUST00558,39,86120,654,1,54227,3560,0,226,Business,0,62083,Low
CUST00559,44,44125,655,6,0,3004,2,80,Salaried,1,32417,Low
CUST00560,28,15000,689,5,84215,14793,0,57,Salaried,1,0,High
CUST00561,67,21382,597,4,9707,12631,0,26,Salaried,1,7988,Low
CUST00562,47,49917,584,5,12634,2790,2,98,Salaried,1,20763,Medium
CUST00563,22,16624,520,2,55614,9584,1,147,Salaried,1,17246,High
CUST00564,49,111511,678,3,56018,11250,0,133,Salaried,1,0,Medium
CUST00565,41,62515,822,1,28285,16253,0,195,Salaried,1,9782,Low
CUST00566,62,92578,540,5,69877,6100,5,22,Retired,1,24289,Medium
CUST00567,69,88612,667,4,47158,12086,0,210,Salaried,0,29133,Low
CUST00568,44,65192,665,6,1316,10906,2,162,Salaried,0,24593,Low
CUST00569,53,171095,669,7,17311,5246,5,184,Salaried,1,7283,Medium
CUST00570,59,152829,767,7,38347,6621,0,121,Self-Employed,0,236,Low
CUST00571,60,106756,617,1,48422,4994,0,116,Salaried,1,14842,Medium
CUST00572,39,37844,543,1,30892,9442,0,166,Self-Employed,1,14983,Low
CUST00573,54,107989,642,3,0,1818,0,42,Business,1,33622,Low
CUST00574,46,15000,633,5,25933,7128,0,186,Retired,1,765,Medium
CUST00575,53,106902,523,3,66753,6570,1,115,Salaried,1,28082,Medium
CUST00576,69,15000,697,4,48877,500,2,77,Retired,0,23595,Medium
CUST00577,49,55431,596,4,74655,9233,4,119,Salaried,1,16987,Medium
CUST00578,34,101273,674,5,70401,10709,0,123,Self-Employed,1,32490,Low
CUST00579,40,76555,654,1,0,2202,2,234,Salaried,0,15706,Low
CUST00580,24,20642,604,2,26939,8010,0,72,Salaried,0,45110,Medium
CUST00581,48,70108,742,3,67488,2495,0,19,Salaried,0,39197,Low
CUST00582,38,76568,660,7,61757,8488,0,76,Salaried,1,11298,Low
CUST00583,64,71143,683,1,61595,12676,1,164,Salaried,0,56066,Medium
CUST00584,50,52781,721,6,76689,5969,4,28,Self-Employed,1,0,Medium
CUST00585,65,90652,700,4,84984,6824,4,169,Self-Employed,1,55732,Medium
CUST00586,65,99347,690,7,0,16454,0,163,Salaried,0,52655,Low
CUST00587,69,60374,622,4,34164,5020,0,234,Retired,1,3039,Low
CUST00588,54,110589,602,1,66188,4257,0,126,Salaried,1,18819,Low
CUST00589,49,60312,691,1,70208,7979,0,63,Salaried,1,2612,Low
CUST00590,41,50305,612,6,98959,17666,0,74,Salaried,0,15643,Medium
CUST00591,66,105707,735,4,91352,9013,0,72,Self-Employed,1,52381,Low
CUST00592,55,104612,670,3,81034,5368,0,88,Business,0,21740,Medium
CUST00593,37,46396,725,3,32440,10383,0,197,Self-Employed,1,0,Low
CUST00594,60,42042,610,1,72255,10980,0,130,Salaried,1,39621,Medium
CUST00595,23,117931,600,5,106248,10426,1,218,Business,0,29299,Medium
CUST00596,49,61920,797,4,91830,11130,1,101,Salaried,1,1220,Medium
CUST00597,38,65098,669,2,58144,11744,5,43,Salaried,1,56151,Medium
CUST00598,69,57432,743,4,90286,7485,0,120,Salaried,1,38884,Low
CUST00599,41,104648,581,3,53604,7485,0,46,Business,0,18541,Low
CUST00600,39,129325,660,3,53952,11364,0,27,Salaried,1,29913,Low
CUST00601,49,67099,771,2,40250,500,0,148,Self-Employed,1,50247,Low
CUST00602,49,137531,570,3,5407,500,1,30,Salaried,0,36478,Low
CUST00603,37,48364,839,2,75663,5609,0,179,Self-Employed,0,0,Low
CUST00604,54,56515,694,3,44059,6627,2,51,Salaried,1,10253,Medium
CUST00605,42,85192,622,6,51430,10777,2,185,Retired,1,0,Medium
CUST00606,26,40490,704,2,62424,6079,2,120,Salaried,1,20820,Medium
CUST00607,68,84806,757,5,29763,12688,1,142,Salaried,1,0,Low
CUST00608,66,49445,622,4,73557,8576,2,165,Salaried,1,27012,Medium
CUST00609,58,18676,632,3,42706,4879,1,112,Self-Employed,1,41163,Medium
CUST00610,39,15000,697,1,43911,13053,1,83,Salaried,1,21990,Medium
CUST00611,26,55286,712,2,0,9109,1,81,Salaried,1,0,Low
CUST00612,69,77528,666,2,51755,2806,0,16,Salaried,1,23931,Low
CUST00613,64,24164,708,2,19212,11059,0,224,Salaried,1,29541,Low
CUST00614,32,70357,739,3,36457,11055,0,38,Self-Employed,1,43243,Low
CUST00615,43,70442,692,4,24066,2891,0,183,Retired,0,11406,Low
CUST00616,44,59970,631,1,25979,8428,4,49,Business,1,34980,Medium
CUST00617,47,37212,678,2,40440,10419,0,211,Business,1,1836,Low
CUST00618,48,72207,802,7,61858,1339,0,225,Salaried,1,6420,Medium
CUST00619,24,60729,703,2,92071,12222,0,226,Business,1,49982,Medium
CUST00620,63,94452,766,2,51902,5246,3,100,Self-Employed,1,63520,Medium
CUST00621,23,26215,643,6,33418,4539,0,82,Salaried,1,9781,Medium
CUST00622,38,68418,698,2,37572,6863,0,89,Salaried,1,48033,Low
CUST00623,24,26844,735,1,75652,10796,1,139,Salaried,1,38622,Medium
CUST00624,24,57887,784,2,59964,11988,1,180,Retired,1,15054,Medium
CUST00625,61,32147,765,6,9410,14660,2,69,Salaried,0,23247,Medium
CUST00626,37,37481,601,1,26051,4426,2,168,Retired,1,35269,Low
CUST00627,33,64884,760,1,47528,9467,2,220,Salaried,1,37306,Medium
CUST00628,22,48031,798,2,40230,10727,0,190,Salaried,1,51918,Low
CUST00629,25,109000,639,5,28936,9939,0,209,Salaried,1,6315,Low
CUST00630,38,100374,617,1,39796,4081,7,107,Salaried,1,42404,Medium
CUST00631,40,89142,678,5,53939,9026,0,74,Retired,1,39917,Low
CUST00632,25,88548,692,1,57056,9285,0,30,Self-Employed,1,54578,Low
CUST00633,68,68907,655,6,46762,5487,2,166,Salaried,1,18358,Medium
CUST00634,60,104143,596,7,73161,9933,1,105,Self-Employed,1,47442,Medium
CUST00635,41,56178,783,3,59028,8834,0,125,Salaried,0,54072,Low
CUST00636,62,128581,619,2,14942,2589,0,64,Business,1,30696,Low
CUST00637,60,36734,644,3,35351,10533,0,108,Salaried,1,29624,Low
CUST00638,25,31135,687,1,41319,8457,2,184,Self-Employed,0,24968,Medium
CUST00639,38,23150,576,3,40791,500,0,22,Business,0,41980,Low
CUST00640,36,28374,571,2,21754,6800,0,131,Retired,0,47499,Low
CUST00641,62,16119,649,7,29045,8494,2,116,Self-Employed,1,37090,Medium
CUST00642,49,71422,737,2,72564,5123,5,21,Business,0,38152,Medium
CUST00643,37,90614,693,7,15857,9249,4,232,Salaried,0,11655,Medium
CUST00644,27,66024,535,1,36687,6849,3,97,Self-Employed,1,12084,Medium
CUST00645,49,23441,777,1,83014,12101,0,31,Salaried,0,603,Medium
CUST00646,53,50909,735,5,43324,9084,5,158,Self-Employed,1,65466,Medium
CUST00647,38,90244,693,4,117208,15615,1,99,Salaried,1,17170,Medium
CUST00648,46,54742,691,7,93960,2232,4,231,Salaried,0,38860,Medium
CUST00649,60,41048,727,7,0,9279,0,141,Self-Employed,0,5784,Low
CUST00650,38,19586,842,3,12776,8066,0,179,Salaried,0,15259,Low
CUST00651,67,52317,741,5,47329,9682,0,157,Salaried,1,1487,Low
CUST00652,36,43923,700,7,35955,13234,3,93,Salaried,0,8024,Medium
CUST00653,39,62408,594,3,66545,2268,0,13,Self-Employed,0,26540,Low
CUST00654,67,79291,691,2,64804,10431,4,58,Salaried,1,31431,Medium
CUST00655,41,56525,734,1,50,9347,0,188,Business,1,25951,Low
CUST00656,44,70544,671,3,80295,4361,0,130,Salaried,1,9063,Low
CUST00657,26,79160,643,4,103077,12754,2,162,Salaried,1,21227,Medium
CUST00658,60,28105,718,2,4270,8242,1,58,Salaried,0,42872,Low
CUST00659,33,121581,610,6,33768,5028,0,90,Business,0,47852,Low
CUST00660,38,42757,740,2,35418,9714,3,135,Salaried,1,38896,Medium
CUST00661,51,80496,649,5,82611,11823,3,100,Salaried,0,31786,Medium
CUST00662,40,30920,531,4,90465,9270,0,184,Self-Employed,1,18987,Medium
CUST00663,53,68304,648,2,32066,6290,3,93,Business,0,11600,Medium
CUST00664,37,69401,676,4,31266,4823,0,32,Self-Employed,1,23453,Low
CUST00665,23,114772,718,1,75499,4745,1,186,Salaried,1,28435,Medium
CUST00666,33,58021,710,6,38754,11179,0,43,Self-Employed,1,45227,Medium
CUST00667,24,103984,589,7,51835,11772,0,30,Retired,1,12761,Low
CUST00668,29,73713,688,4,73784,6993,0,157,Self-Employed,1,4775,Low
CUST00669,58,120563,642,5,66977,17339,0,35,Salaried,1,0,Low
CUST00670,45,15000,654,5,53737,7046,0,186,Salaried,1,46566,High
CUST00671,46,79465,610,3,5704,7700,0,117,Retired,1,22551,Low
CUST00672,46,15000,676,6,63065,6417,1,169,Business,0,0,High
CUST00673,35,63257,850,1,74804,7530,0,104,Salaried,1,13456,Low
CUST00674,67,95629,809,1,67629,7845,0,96,Salaried,0,10721,Low
CUST00675,57,108368,610,4,3817,10322,0,160,Business,1,14679,Low
CUST00676,36,87158,684,5,69616,7221,0,59,Retired,1,37422,Low
CUST00677,53,56283,658,5,23824,10425,0,205,Salaried,1,3732,Low
CUST00678,23,81353,689,5,0,1612,0,184,Salaried,1,41651,Low
CUST00679,42,140491,744,7,40368,5503,4,140,Salaried,1,11309,Medium
CUST00680,25,67261,670,1,10617,6718,0,33,Self-Employed,0,9177,Low
CUST00681,50,93831,630,5,44939,6980,0,67,Self-Employed,1,1697,Low
CUST00682,50,52119,760,3,7569,666,0,179,Self-Employed,1,22911,Low
CUST00683,44,97112,593,2,38665,11579,0,49,Salaried,1,30460,Low
CUST00684,24,92181,693,5,0,2124,0,30,Salaried,1,16632,Low
CUST00685,42,46684,575,3,24731,5473,2,158,Salaried,0,23689,Medium
CUST00686,37,88319,608,3,55089,7887,1,205,Business,1,19544,Low
CUST00687,65,89743,732,2,98091,16168,0,104,Salaried,1,42588,Medium
CUST00688,41,87198,632,1,36607,7788,0,125,Self-Employed,0,20347,Low
CUST00689,56,63765,548,5,44597,9793,0,125,Business,0,26203,Low
CUST00690,26,101872,629,6,68947,2063,0,226,Self-Employed,0,55932,Low
CUST00691,69,36952,621,3,57160,4659,0,186,Salaried,1,78873,Medium
CUST00692,47,65292,591,3,58685,5216,3,69,Salaried,1,8421,Medium
CUST00693,28,68342,718,7,65965,5865,2,196,Salaried,0,52491,Medium
CUST00694,37,100141,571,2,33574,12067,4,187,Salaried,0,5533,Medium
CUST00695,38,36005,638,6,21376,5805,0,230,Self-Employed,1,39238,Low
CUST00696,23,72232,689,3,53372,10433,1,56,Self-Employed,1,60488,Low
CUST00697,33,50230,656,5,0,4917,0,226,Self-Employed,0,37192,Low
CUST00698,34,68283,651,1,0,6881,3,231,Business,1,24399,Low
CUST00699,26,76768,629,3,89863,500,0,39,Salaried,0,0,Medium
CUST00700,37,26647,594,1,79060,7716,0,71,Self-Employed,1,13417,Medium
CUST00701,49,102921,635,3,24610,7944,0,16,Salaried,1,12487,Low
CUST00702,29,77834,726,3,8093,7223,0,157,Retired,1,11013,Low
CUST00703,49,39242,649,5,61271,15861,2,233,Salaried,1,25328,Medium
CUST00704,67,54764,691,1,66096,7739,0,227,Self-Employed,1,30302,Medium
CUST00705,29,109825,758,6,18233,500,1,176,Salaried,1,0,Low
CUST00706,50,77475,721,4,41203,3121,2,219,Salaried,0,0,Low
CUST00707,39,36053,590,5,0,7827,2,232,Self-Employed,1,49109,Medium
CUST00708,65,41494,711,1,31828,7681,5,233,Business,1,17963,Medium
CUST00709,64,83743,753,1,37919,4748,0,36,Salaried,1,12529,Low
CUST00710,37,87343,639,1,49878,3914,0,177,Business,0,31453,Low
CUST00711,47,75885,569,7,111469,13542,0,140,Salaried,0,49052,Low
CUST00712,43,56256,649,4,9628,11959,0,179,Salaried,1,0,Low
CUST00713,36,89290,693,5,90066,12500,3,194,Self-Employed,1,0,Medium
CUST00714,34,55643,721,7,27548,5487,1,106,Salaried,1,14821,Low
CUST00715,43,39359,643,4,24504,10800,1,178,Self-Employed,0,51361,Medium
CUST00716,42,112598,537,3,76331,500,0,106,Salaried,1,58014,Low
CUST00717,45,79663,590,2,24055,6337,4,236,Salaried,1,26069,Medium
CUST00718,22,41456,705,4,18275,5794,0,87,Salaried,1,33312,Low
CUST00719,50,69027,819,3,63250,6994,0,164,Self-Employed,1,12403,Low
CUST00720,22,65818,678,4,59172,8461,6,162,Business,0,23162,Medium
CUST00721,22,54502,771,1,29120,7315,0,182,Self-Employed,0,25259,Low
CUST00722,30,72006,606,2,98903,3489,2,136,Self-Employed,1,1739,Medium
CUST00723,42,37144,634,2,29952,5022,2,59,Business,1,31010,Medium
CUST00724,35,91209,516,6,0,10072,4,231,Salaried,0,40324,Medium
CUST00725,49,64815,705,3,9798,9418,0,236,Salaried,1,37811,Low
CUST00726,39,16716,617,7,8864,14371,7,49,Salaried,1,5976,Medium
CUST00727,54,58155,721,7,33746,9249,0,101,Retired,1,12693,Low
CUST00728,64,46524,644,6,87910,13952,0,35,Salaried,1,15874,Medium
CUST00729,23,15000,821,4,0,2209,0,144,Business,1,30893,Low
CUST00730,55,60325,805,4,96006,10362,0,199,Self-Employed,1,29276,Low
CUST00731,45,96103,518,7,23660,11030,6,156,Self-Employed,1,48369,Medium
CUST00732,40,61765,721,4,27328,9939,2,176,Salaried,0,28661,Low
CUST00733,23,86244,627,3,20785,3197,1,26,Salaried,1,50482,Low
CUST00734,27,65254,725,4,28833,9269,0,205,Self-Employed,0,50521,Low
CUST00735,36,51308,585,2,37014,6555,1,237,Self-Employed,1,13186,Medium
CUST00736,32,43051,780,2,40443,10313,0,31,Business,1,27092,Medium
CUST00737,37,26516,752,5,53011,7652,0,169,Salaried,0,21387,Medium
CUST00738,42,92772,581,4,0,5724,1,155,Self-Employed,0,35944,Low
CUST00739,48,86922,667,4,40156,17126,2,55,Salaried,1,35841,Low
CUST00740,43,56651,691,6,59079,5026,0,198,Salaried,1,35582,Medium
CUST00741,24,15000,730,2,42451,9117,0,143,Self-Employed,1,23910,Medium
CUST00742,24,79162,679,2,36317,10207,1,170,Retired,0,27928,Low
CUST00743,42,37856,735,1,29213,6826,0,165,Retired,1,61072,Medium
CUST00744,64,69316,675,1,76328,12556,3,52,Salaried,1,16494,Low
CUST00745,27,18762,722,5,58839,11452,3,87,Self-Employed,1,15423,Medium
CUST00746,46,67759,584,2,38120,1253,1,141,Self-Employed,1,10858,Low
CUST00747,62,61060,678,5,60211,10475,0,19,Self-Employed,0,38003,Low
CUST00748,58,15000,760,4,72461,15091,1,89,Self-Employed,1,33355,High
CUST00749,51,113538,778,4,3595,4951,0,163,Salaried,1,26665,Low
CUST00750,60,55229,692,2,59792,2490,2,118,Business,1,14998,Medium
CUST00751,41,57221,673,3,19468,6791,0,51,Self-Employed,0,30095,Low
CUST00752,22,81040,775,5,83481,7871,0,116,Salaried,1,36567,Low
CUST00753,56,63479,672,3,16074,8125,5,164,Retired,1,4088,Medium
CUST00754,64,75919,760,4,43951,12188,0,73,Salaried,1,37426,Low
CUST00755,47,30668,672,6,52991,5223,2,69,Retired,0,268,Medium
CUST00756,42,60734,682,7,0,10123,1,82,Salaried,1,63423,Low
CUST00757,31,15000,602,5,0,11082,0,171,Business,1,22194,Low
CUST00758,66,57870,592,4,32174,8409,0,128,Self-Employed,1,50994,Low
CUST00759,50,108352,748,1,95126,5503,2,98,Salaried,1,23764,Medium
CUST00760,24,19820,800,2,39255,3373,2,185,Business,1,51415,Medium
CUST00761,64,54477,687,1,59190,1856,0,114,Self-Employed,1,55742,Low
CUST00762,62,15000,668,7,0,2120,0,165,Business,1,34890,Low
CUST00763,64,65238,751,7,69908,1561,2,53,Self-Employed,0,7171,Low
CUST00764,62,78985,703,5,59666,14098,8,18,Salaried,1,8449,Medium
CUST00765,34,76504,512,1,64648,7275,3,67,Salaried,1,31776,Medium
CUST00766,30,46943,749,6,46177,16170,1,186,Salaried,1,27505,Low
CUST00767,67,15000,586,7,6606,9473,4,189,Business,0,43530,Medium
CUST00768,37,27753,679,5,22261,1854,0,184,Salaried,1,22488,Low
CUST00769,68,102694,649,3,17656,7207,0,79,Salaried,0,34185,Low
CUST00770,49,91369,635,2,61282,10503,0,55,Self-Employed,1,25352,Low
CUST00771,49,62259,683,3,37967,9243,7,164,Self-Employed,1,33582,Medium
CUST00772,32,69868,742,6,69797,6253,4,63,Salaried,1,31970,Medium
CUST00773,65,34171,682,4,63647,11554,0,157,Business,0,41024,Medium
CUST00774,51,103718,778,7,97646,3788,1,146,Salaried,0,32810,Medium
CUST00775,32,43425,787,2,48191,8685,0,33,Salaried,0,53508,Low
CUST00776,50,78118,786,1,38198,11155,2,15,Self-Employed,1,64288,Medium
CUST00777,33,25162,676,5,47799,6497,0,168,Salaried,1,46846,Medium
CUST00778,29,59653,646,2,0,9971,4,227,Salaried,1,23747,Medium
CUST00779,31,102453,677,4,33775,7478,0,129,Business,1,42181,Low
CUST00780,56,36592,758,7,63231,8783,2,179,Salaried,0,40752,Medium
CUST00781,57,87480,754,3,35994,9654,0,191,Salaried,0,12553,Medium
CUST00782,34,32577,498,7,37373,6805,0,125,Business,1,64211,Low
CUST00783,48,37942,701,4,35750,13542,1,71,Salaried,1,49550,Low
CUST00784,61,64730,514,1,92300,9016,0,180,Business,1,22173,Medium
CUST00785,23,94149,678,5,52920,10201,0,215,Salaried,0,26390,Low
CUST00786,49,56054,642,7,40029,12531,1,84,Salaried,1,2265,Low
CUST00787,55,83557,621,5,117391,10353,1,26,Salaried,0,25937,Medium
CUST00788,42,99324,739,1,5275,4189,0,134,Self-Employed,1,35002,Low
CUST00789,27,41865,634,5,24187,10883,1,88,Self-Employed,1,21844,Medium
CUST00790,60,19245,679,2,12155,9010,2,68,Salaried,1,2792,Low
CUST00791,47,54334,614,2,21539,5186,0,105,Self-Employed,1,37193,Low
CUST00792,57,103192,685,1,82023,12561,1,110,Self-Employed,0,19741,Medium
CUST00793,61,40620,747,1,14434,3881,3,174,Self-Employed,0,9541,Medium
CUST00794,39,95448,618,4,45472,5790,3,101,Business,1,32848,Low
CUST00795,63,57124,724,5,58771,6318,0,30,Self-Employed,1,2900,Low
CUST00796,64,117686,683,7,65291,2897,1,160,Business,1,27203,Low
CUST00797,60,132362,683,6,24771,7927,2,224,Salaried,1,49561,Low
CUST00798,26,95943,655,3,61389,5345,0,152,Self-Employed,1,42860,Low
CUST00799,47,15601,734,1,30725,8905,1,32,Salaried,1,34848,Medium
CUST00800,32,15000,726,4,44853,14906,0,99,Salaried,1,26313,Medium
CUST00801,37,66835,670,1,12300,7842,0,37,Salaried,1,0,Low
CUST00802,40,92199,694,7,5215,9927,1,67,Business,1,18897,Low
CUST00803,26,80030,732,1,55137,7922,0,42,Salaried,1,25007,Low
CUST00804,28,43292,717,2,116182,6737,0,41,Salaried,1,40465,Medium
CUST00805,24,20420,658,6,34755,10922,0,35,Retired,1,7724,Medium
CUST00806,46,92893,761,5,43725,4244,0,107,Salaried,0,35696,Low
CUST00807,31,120757,740,6,63101,11987,0,169,Self-Employed,1,37726,Low
CUST00808,26,44898,827,1,76616,4904,3,132,Salaried,1,26429,Medium
CUST00809,53,89756,570,5,78140,13393,0,165,Salaried,1,42849,Medium
CUST00810,53,143088,729,4,61008,6530,1,113,Salaried,1,457,Low
CUST00811,26,59308,760,1,39739,4700,0,93,Salaried,1,6938,Low
CUST00812,64,59915,750,6,65385,8407,0,116,Self-Employed,1,27138,Medium
CUST00813,40,81791,662,3,56731,1708,5,65,Salaried,1,10436,Medium
CUST00814,33,56469,584,6,43182,3704,1,124,Salaried,1,23059,Medium
CUST00815,52,105176,787,2,72377,9896,0,135,Business,1,47905,Low
CUST00816,38,52879,646,3,57812,12708,1,87,Salaried,0,0,Medium
CUST00817,43,64068,659,2,24007,5649,0,32,Salaried,1,71989,Low
CUST00818,68,21726,824,1,13046,13100,4,162,Business,1,37968,Low
CUST00819,62,57932,590,6,0,6348,0,137,Salaried,1,26763,Low
CUST00820,43,34772,737,1,16742,8728,3,39,Business,0,17583,Medium
CUST00821,47,75381,627,5,45921,8762,0,135,Salaried,0,33393,Low
CUST00822,52,15073,625,2,75748,14122,1,92,Self-Employed,1,16960,High
CUST00823,64,94396,691,4,41510,11537,4,90,Salaried,0,27981,Medium
CUST00824,27,38864,727,3,53858,7186,0,34,Salaried,1,25791,Low
CUST00825,33,118523,746,6,63043,17741,0,198,Salaried,0,16087,Low
CUST00826,64,106122,755,4,8527,7773,1,192,Business,1,29964,Low
CUST00827,48,81069,630,2,32032,8061,0,64,Self-Employed,0,13457,Low
CUST00828,38,18860,599,4,10101,9329,2,173,Salaried,1,32459,Low
CUST00829,31,46163,656,2,34896,6317,1,231,Self-Employed,1,38208,Medium
CUST00830,66,38111,704,5,52953,13536,0,79,Business,0,64047,Medium
CUST00831,26,41866,665,5,47353,7617,2,116,Salaried,1,27982,Medium
CUST00832,25,112303,425,4,20302,10589,0,23,Salaried,0,70858,Low
CUST00833,60,60420,552,7,61366,500,4,141,Self-Employed,1,36302,Medium
CUST00834,36,45264,663,7,52888,8525,0,36,Retired,1,29561,Low
CUST00835,23,42562,739,4,57859,6655,2,99,Salaried,1,7741,Low
CUST00836,29,49044,616,6,49668,8285,0,106,Self-Employed,0,20716,Medium
CUST00837,37,80978,731,7,22460,3368,2,136,Salaried,0,46494,Low
CUST00838,41,16187,575,2,8596,7268,0,207,Self-Employed,1,2614,Low
CUST00839,45,67945,697,5,56660,8734,0,183,Salaried,1,10181,Low
CUST00840,56,77706,698,6,57719,6573,0,173,Salaried,0,24556,Low
CUST00841,38,15000,712,4,47306,10388,0,145,Self-Employed,1,23538,Medium
CUST00842,26,22474,609,6,108133,8257,0,106,Self-Employed,1,47452,High
CUST00843,35,63568,571,2,31240,10547,0,50,Salaried,0,49384,Low
CUST00844,35,108229,730,2,55303,11906,8,138,Business,1,1583,Medium
CUST00845,67,101081,573,4,48361,12226,0,189,Self-Employed,1,41254,Low
CUST00846,64,46745,626,3,43996,6471,2,35,Self-Employed,1,15177,Medium
CUST00847,52,107278,777,6,13059,6411,0,228,Salaried,1,31086,Low
CUST00848,41,55411,691,1,36906,14417,0,16,Business,0,23190,Low
CUST00849,34,55153,705,2,73903,4328,0,65,Salaried,0,40990,Medium
CUST00850,30,67820,723,5,62696,6319,1,65,Salaried,0,0,Medium
CUST00851,55,90183,721,7,70570,7355,0,21,Business,1,18121,Medium
CUST00852,33,46730,678,6,26745,4572,3,93,Retired,1,55036,Medium
CUST00853,61,53058,616,1,72758,8451,6,232,Self-Employed,0,23381,Medium
CUST00854,37,27554,850,2,12158,12860,0,86,Self-Employed,1,0,Low
CUST00855,22,75530,659,6,39121,500,0,105,Salaried,1,10974,Low
CUST00856,37,93000,703,3,14441,5934,0,118,Salaried,1,45871,Low
CUST00857,27,94838,710,1,98214,8477,0,80,Self-Employed,1,3016,Low
CUST00858,41,24002,642,5,49840,14258,0,17,Retired,0,14449,Medium
CUST00859,27,53513,650,1,73392,2025,7,217,Self-Employed,1,36899,Medium
CUST00860,56,102364,784,6,57055,11475,2,27,Self-Employed,0,31006,Low
CUST00861,62,71965,628,7,61004,7346,6,71,Salaried,1,0,Medium
CUST00862,24,66023,708,4,13665,8649,0,153,Salaried,1,0,Low
CUST00863,42,65315,742,2,43089,12910,0,44,Salaried,1,11429,Low
CUST00864,28,81243,665,7,12561,7473,0,112,Salaried,1,29776,Low
CUST00865,35,73577,673,4,30983,7869,1,208,Self-Employed,1,30784,Medium
CUST00866,51,47738,746,3,45728,8539,2,179,Salaried,1,50136,Medium
CUST00867,43,91431,670,1,16852,8805,4,217,Salaried,1,0,Low
CUST00868,35,28913,534,4,5993,3645,0,51,Salaried,1,34573,Low
CUST00869,46,104663,785,3,8260,8647,0,20,Salaried,1,14617,Low
CUST00870,24,38121,611,4,63470,9736,0,102,Business,1,21853,Medium
CUST00871,26,81436,695,5,34975,1545,1,206,Salaried,1,36817,Low
CUST00872,26,60057,587,4,5756,11457,1,213,Salaried,0,53630,Low
CUST00873,63,50708,644,2,42563,11660,0,59,Salaried,1,24340,Medium
CUST00874,30,105727,649,6,65702,9011,0,214,Business,1,27147,Low
CUST00875,69,87287,692,4,40572,2621,4,237,Salaried,0,36906,Medium
CUST00876,62,63231,618,4,1254,5404,2,204,Salaried,1,29717,Low
CUST00877,59,117355,818,4,38503,500,0,21,Self-Employed,1,39659,Low
CUST00878,58,94392,681,7,19569,6569,0,17,Salaried,1,67708,Low
CUST00879,25,40835,741,4,51087,4346,1,211,Business,1,84906,Low
CUST00880,41,15000,679,4,32411,7728,0,73,Self-Employed,1,24224,Medium
CUST00881,42,68205,749,1,49914,12005,0,42,Salaried,1,62932,Low
CUST00882,69,106504,532,1,0,5990,2,17,Salaried,1,17202,Medium
CUST00883,45,83319,630,6,45490,9644,0,106,Self-Employed,0,10142,Low
CUST00884,28,112218,643,7,35305,7649,0,45,Business,1,0,Low
CUST00885,67,47050,642,5,16646,4384,0,104,Self-Employed,0,28922,Low
CUST00886,29,61483,716,1,45082,13636,0,78,Salaried,1,20472,Low
CUST00887,32,62211,721,3,33840,11309,0,201,Salaried,0,26435,Low
CUST00888,67,72236,674,2,41092,3565,0,225,Salaried,1,27454,Low
CUST00889,30,88023,676,4,13510,9793,0,23,Salaried,1,27344,Low
CUST00890,27,113971,850,4,47576,7169,1,49,Salaried,1,29133,Low
CUST00891,61,120280,702,4,0,10050,7,222,Salaried,1,0,Medium
CUST00892,38,114997,524,5,37054,2635,1,146,Business,1,2058,Low
CUST00893,34,85072,733,5,41737,6606,0,75,Salaried,1,28444,Low
CUST00894,66,54733,719,3,93097,9414,0,226,Salaried,1,0,Medium
CUST00895,38,71776,761,7,34533,3649,0,130,Salaried,1,36264,Low
CUST00896,23,84656,721,4,90249,9035,0,131,Salaried,1,15495,Medium
CUST00897,51,69052,616,5,76471,6660,0,134,Self-Employed,0,18955,Medium
CUST00898,53,37586,742,4,38690,8175,0,88,Self-Employed,1,30371,Low
CUST00899,57,51128,686,1,42805,12078,1,143,Business,0,42007,Low
CUST00900,28,91041,753,4,9958,18826,1,32,Self-Employed,1,36058,Low
CUST00901,37,57604,788,3,24723,8311,1,89,Salaried,1,20981,Low
CUST00902,40,65725,671,3,49340,7247,7,175,Salaried,1,34150,Medium
CUST00903,36,62647,741,5,32799,15724,0,146,Salaried,0,11714,Low
CUST00904,35,38234,752,4,68952,12534,8,88,Salaried,1,0,High
CUST00905,66,59861,691,3,62119,15105,0,174,Retired,1,0,Low
CUST00906,28,51265,817,1,51271,8952,0,136,Salaried,0,20886,Low
CUST00907,68,44245,753,7,62940,11265,5,188,Salaried,1,29944,Medium
CUST00908,54,33250,639,5,55213,8193,0,108,Salaried,1,11928,Low
CUST00909,55,61981,698,1,44608,8225,0,132,Retired,1,6991,Low
CUST00910,45,83545,740,3,21794,8442,0,150,Salaried,1,12352,Low
CUST00911,56,98617,814,6,99350,9665,0,114,Salaried,1,12627,Low
CUST00912,42,23175,723,5,63639,8297,7,100,Salaried,0,7025,High
CUST00913,45,113192,700,4,54873,13554,0,114,Self-Employed,0,30161,Medium
CUST00914,58,73788,768,6,20872,10302,7,35,Salaried,1,26210,Medium
CUST00915,37,31189,664,2,116690,8805,0,33,Salaried,1,75174,Medium
CUST00916,38,52889,610,4,23086,8645,0,182,Salaried,1,18088,Low
CUST00917,50,15000,729,7,45878,6299,0,190,Salaried,1,15894,Medium
CUST00918,39,16347,653,4,47025,3661,0,188,Self-Employed,0,43796,Medium
CUST00919,69,116642,850,1,4120,12003,0,133,Salaried,1,19706,Low
CUST00920,32,44020,697,4,58088,11983,1,131,Business,1,0,Medium
CUST00921,24,81106,729,2,54954,3572,0,33,Self-Employed,1,41109,Low
CUST00922,63,61664,636,5,12710,3658,3,90,Self-Employed,1,17022,Medium
CUST00923,39,65534,768,5,66797,10800,3,29,Self-Employed,1,50993,Medium
CUST00924,37,76040,678,6,15770,6719,0,55,Self-Employed,1,43656,Low
CUST00925,62,15000,671,2,35217,4040,2,120,Self-Employed,1,69671,Medium
CUST00926,22,104556,672,1,21482,1581,3,43,Salaried,1,13785,Medium
CUST00927,64,62038,589,6,63093,6151,1,197,Salaried,0,24760,Medium
CUST00928,64,49871,662,2,59926,8522,0,67,Self-Employed,1,9322,Medium
CUST00929,48,79040,718,5,10994,6869,0,239,Salaried,1,16914,Low
CUST00930,52,43366,571,6,27055,2694,2,85,Self-Employed,1,21966,Low
CUST00931,66,71246,751,2,27498,5646,0,20,Self-Employed,1,0,Low
CUST00932,49,60038,661,1,64383,10220,0,202,Salaried,1,38514,Low
CUST00933,61,86330,697,6,23561,14332,0,100,Business,1,32501,Low
CUST00934,48,58581,523,4,41248,8186,0,132,Self-Employed,1,76573,Low
CUST00935,30,34099,695,4,37959,12131,0,143,Salaried,1,31246,Medium
CUST00936,59,75870,606,7,35144,10883,0,49,Salaried,1,0,Low
CUST00937,57,56881,655,5,96619,5676,0,111,Retired,1,38959,Medium
CUST00938,62,15000,570,7,24675,11750,0,53,Business,0,20981,Medium
CUST00939,48,70929,618,1,38163,12497,0,146,Salaried,1,16504,Low
CUST00940,68,48876,668,4,55888,6063,1,181,Business,1,22702,Medium
CUST00941,47,75372,660,4,32250,8070,3,129,Salaried,0,46112,Medium
CUST00942,48,39348,741,4,27356,5739,0,71,Salaried,1,32122,Low
CUST00943,25,28808,549,3,55177,2971,0,101,Retired,1,70920,Medium
CUST00944,69,100403,676,4,68491,12092,0,159,Business,1,14841,Low
CUST00945,59,90294,673,3,84078,14411,3,202,Self-Employed,0,33103,Low
CUST00946,33,64802,647,2,39062,7754,1,135,Self-Employed,0,28033,Medium
CUST00947,68,78133,616,5,21890,5862,0,136,Salaried,1,2809,Low
CUST00948,36,89312,757,5,21673,12271,2,122,Salaried,0,9319,Low
CUST00949,68,64694,823,6,87082,12704,0,32,Salaried,1,42093,Low
CUST00950,69,28744,560,6,54752,4535,0,138,Salaried,0,19021,Medium
CUST00951,51,73984,615,3,20421,8560,0,144,Self-Employed,1,37478,Low
CUST00952,35,95066,609,1,24619,15917,0,132,Salaried,0,23884,Low
CUST00953,29,82795,660,6,11677,15285,1,41,Self-Employed,1,9602,Low
CUST00954,49,66779,767,6,42629,4303,0,74,Salaried,0,10803,Low
CUST00955,52,81958,716,3,59470,2434,2,198,Salaried,1,1457,Medium
CUST00956,23,58302,669,7,91371,9404,1,49,Salaried,1,45160,Medium
CUST00957,36,96325,681,4,77538,10851,0,175,Self-Employed,1,18708,Low
CUST00958,61,105415,657,6,46096,10877,1,49,Self-Employed,1,6193,Low
CUST00959,64,26114,731,7,24238,10180,0,34,Salaried,1,13368,Medium
CUST00960,69,98478,740,1,58766,9134,0,162,Salaried,1,0,Low
CUST00961,29,132118,721,7,0,6302,1,69,Self-Employed,1,34178,Low
CUST00962,26,80767,526,5,21362,5467,6,187,Business,1,33121,Medium
CUST00963,25,94512,680,2,64055,11216,0,145,Self-Employed,1,40494,Low
CUST00964,33,45587,666,2,71278,5178,0,118,Salaried,0,16217,Medium
CUST00965,31,49888,749,3,84254,1330,0,185,Salaried,0,12615,Low
CUST00966,25,58714,696,6,41605,8575,4,98,Salaried,1,27536,Medium
CUST00967,31,52926,718,3,83889,9142,5,154,Salaried,1,21335,Medium
CUST00968,50,25645,645,3,33478,15694,3,12,Self-Employed,0,1483,Medium
CUST00969,49,59820,745,3,31107,8134,0,111,Business,1,50689,Low
CUST00970,50,90091,766,7,54221,2694,4,103,Salaried,0,15759,Medium
CUST00971,40,26044,566,5,79275,12877,0,213,Retired,1,54425,Medium
CUST00972,64,70373,589,4,73171,7802,0,44,Salaried,1,0,Low
CUST00973,34,69453,733,5,76003,7360,1,121,Salaried,1,45047,Medium
CUST00974,55,55960,667,2,60801,3346,3,163,Salaried,1,24850,Medium
CUST00975,67,79895,752,7,73772,10038,2,81,Salaried,1,27670,Medium
CUST00976,41,77079,696,2,45841,8625,2,153,Salaried,0,80575,Medium
CUST00977,39,53827,728,7,54472,8317,3,107,Salaried,0,11437,Medium
CUST00978,69,96826,627,2,128614,11750,0,94,Salaried,1,37055,Low
CUST00979,57,81818,703,4,71360,12235,2,209,Self-Employed,0,46547,Medium
CUST00980,22,112204,703,4,45600,9282,0,95,Business,0,42609,Low
CUST00981,47,63007,631,1,69096,10154,0,228,Salaried,1,23786,Low
CUST00982,24,55347,750,4,13333,9387,0,136,Self-Employed,1,16645,Low
CUST00983,65,58746,547,2,35354,14687,4,95,Business,1,29298,Medium
CUST00984,24,100349,694,4,38912,4373,6,177,Self-Employed,1,44021,Medium
CUST00985,42,60539,589,4,23484,3657,0,150,Salaried,0,41808,Low
CUST00986,39,62370,608,4,98100,3246,1,202,Salaried,1,14821,Medium
CUST00987,52,123829,749,3,59224,10069,0,171,Self-Employed,0,20607,Low
CUST00988,57,24665,603,7,62551,7546,0,168,Retired,1,24924,Medium
CUST00989,65,75704,600,6,41875,3574,0,41,Self-Employed,0,34709,Low
CUST00990,52,63156,720,6,10415,7226,0,168,Business,1,34801,Low
CUST00991,29,57481,602,4,43108,16629,0,97,Salaried,0,20221,Medium
CUST00992,46,36399,751,3,32322,9709,1,150,Business,1,49301,Low
CUST00993,67,45082,725,2,14520,13899,0,188,Salaried,1,13955,Low
CUST00994,41,52757,625,1,67783,2786,1,223,Business,0,49263,Medium
CUST00995,32,79872,748,7,37013,9168,0,116,Salaried,1,32108,Low
CUST00996,61,90573,544,7,0,10050,3,89,Self-Employed,0,45993,Low
CUST00997,22,15000,713,5,45022,10768,1,230,Salaried,0,51103,Medium
CUST00998,42,28953,592,6,45578,6987,2,203,Salaried,1,9936,Medium
CUST00999,38,81436,643,1,67619,11946,0,133,Salaried,1,4879,Low
CUST01000,49,83967,647,7,48604,9967,0,177,Salaried,1,58551,Low
CUST01001,39,21090,769,5,26615,8352,9,199,Business,0,58235,High
CUST01002,50,91228,644,6,59937,6286,0,207,Salaried,0,32096,Low
CUST01003,31,64580,674,2,25535,2058,0,146,Salaried,0,25448,Low
CUST01004,30,87412,649,3,66159,500,4,105,Salaried,1,0,Medium
CUST01005,55,39447,611,4,79672,5307,0,85,Salaried,1,19241,Medium
CUST01006,41,23299,607,3,0,7382,1,146,Salaried,1,15525,Low
CUST01007,52,55740,701,5,22521,5296,0,16,Salaried,1,40553,Low
CUST01008,24,57071,678,6,58942,9377,0,207,Salaried,1,33455,Low
CUST01009,22,55394,733,4,47770,11291,0,58,Retired,1,59831,Low
CUST01010,54,53294,663,5,83913,2997,0,47,Salaried,0,0,Medium
CUST01011,29,115786,665,7,82527,10196,0,154,Self-Employed,1,37276,Low
CUST01012,39,15000,733,5,72784,7893,2,50,Business,1,12615,High
CUST01013,51,39653,653,6,0,1106,6,49,Salaried,0,24255,Medium
CUST01014,54,52442,579,7,40108,11633,1,47,Self-Employed,0,45066,Medium
CUST01015,43,65719,739,4,64215,4257,0,126,Retired,1,20806,Medium
CUST01016,38,86330,632,1,44206,18280,2,13,Salaried,0,89580,Medium
CUST01017,63,90960,684,1,41213,12670,1,26,Salaried,0,17791,Low
CUST01018,30,97295,636,6,82127,7430,0,95,Salaried,1,16628,Low
CUST01019,43,79443,611,6,55749,7993,0,66,Salaried,1,0,Medium
CUST01020,31,15000,547,5,37428,2434,2,237,Self-Employed,0,32742,Medium
CUST01021,54,15068,703,2,9434,15027,1,88,Self-Employed,0,26422,Medium
CUST01022,69,99418,442,3,96612,4603,6,199,Business,1,0,Medium
CUST01023,60,97478,770,1,54073,8167,3,36,Salaried,1,16514,Medium
CUST01024,24,84080,752,4,31003,5431,0,25,Salaried,1,38434,Low
CUST01025,38,40391,616,5,72939,9844,2,148,Salaried,1,1155,Medium
CUST01026,30,55324,791,3,0,7916,0,188,Salaried,1,9626,Low
CUST01027,68,53034,824,6,97562,5495,0,129,Salaried,1,29137,Medium
CUST01028,61,34258,660,7,63330,9857,1,174,Salaried,1,36571,Medium
CUST01029,57,72771,708,3,110829,14015,3,225,Business,1,51432,Medium
CUST01030,40,129664,689,5,63990,8195,3,16,Self-Employed,1,90098,Medium
CUST01031,55,50131,785,3,52160,500,1,112,Salaried,1,20868,Low
CUST01032,23,103903,582,2,26869,9502,0,217,Business,0,0,Low
CUST01033,66,38439,664,5,31852,2093,0,156,Business,1,0,Low
CUST01034,48,18900,744,6,7778,2522,0,80,Business,1,87260,Low
CUST01035,40,94624,736,3,104321,2106,8,216,Salaried,1,21592,High
CUST01036,54,58435,677,3,48978,10824,2,65,Salaried,1,58337,Medium
CUST01037,47,103137,777,6,71108,2190,2,186,Salaried,0,40810,Medium
CUST01038,68,109126,696,1,75886,11949,2,234,Retired,1,0,Low
CUST01039,55,56647,687,3,38278,11243,1,188,Self-Employed,1,10132,Medium
CUST01040,49,105290,728,3,20935,4548,1,85,Salaried,1,70676,Low
CUST01041,37,38718,675,7,23503,9916,0,73,Business,1,11789,Low
CUST01042,43,38246,683,1,0,12712,0,162,Salaried,1,32776,Low
CUST01043,49,97168,624,5,11436,5670,4,104,Self-Employed,1,25345,Medium
CUST01044,35,18565,850,7,61053,12928,0,27,Self-Employed,1,0,Medium
CUST01045,27,64953,646,1,75692,8675,3,220,Self-Employed,1,67971,Medium
CUST01046,32,102489,731,4,45167,5242,3,146,Salaried,1,0,Medium
CUST01047,67,104503,813,4,72707,11303,2,54,Salaried,0,25178,Low
CUST01048,41,52019,586,2,73415,5094,0,217,Salaried,0,5922,Low
CUST01049,57,95276,722,3,35574,13543,0,183,Salaried,0,45247,Low
CUST01050,37,31312,681,6,77620,3390,0,148,Business,1,27910,Medium
CUST01051,27,44978,805,4,40122,13237,3,82,Business,1,54460,Medium
CUST01052,29,71912,616,5,32136,8872,4,217,Self-Employed,1,69273,Medium
CUST01053,66,76332,627,5,47585,10849,0,91,Salaried,1,47002,Low
CUST01054,57,33568,676,6,2716,6425,0,199,Salaried,1,35440,Low
CUST01055,69,120868,645,4,43900,9567,3,149,Salaried,0,12570,Medium
CUST01056,25,15000,647,1,0,500,0,138,Self-Employed,1,15953,Low
CUST01057,69,66626,821,7,65261,8874,7,135,Salaried,1,42353,Medium
CUST01058,55,70877,688,6,6178,2746,0,144,Salaried,1,25475,Low
CUST01059,41,15000,625,2,44805,10992,5,62,Salaried,1,56363,High
CUST01060,45,104723,652,7,89530,5860,0,18,Salaried,0,56641,Medium
CUST01061,66,42785,708,1,47140,5823,0,33,Self-Employed,0,32093,Low
CUST01062,24,67953,703,2,0,3343,0,35,Salaried,0,8920,Low
CUST01063,49,74841,639,6,48878,8736,4,137,Business,1,21517,Medium
CUST01064,51,21372,566,4,37333,4611,0,115,Salaried,1,44138,Medium
CUST01065,50,32835,676,7,72952,7788,1,53,Salaried,1,1787,Medium
CUST01066,42,111890,674,1,41603,6692,0,161,Salaried,1,45575,Low
CUST01067,63,63025,634,4,78457,3901,5,174,Self-Employed,1,8976,Medium
CUST01068,48,15000,769,2,58069,6445,0,127,Salaried,1,13240,Medium
CUST01069,46,55942,720,5,71246,5637,0,194,Salaried,1,10266,Low
CUST01070,24,64012,689,6,42201,11881,0,142,Retired,1,779,Low
CUST01071,22,71581,654,1,83505,12547,1,122,Self-Employed,1,53859,Low
CUST01072,44,15000,801,4,29650,2723,0,117,Salaried,0,31861,Medium
CUST01073,64,64120,599,2,0,8774,0,210,Salaried,1,8421,Low
CUST01074,26,40020,645,5,12138,6879,3,30,Self-Employed,1,14488,Low
CUST01075,52,71631,648,1,48620,4483,0,181,Salaried,1,53734,Low
CUST01076,46,80190,700,2,53122,8583,0,185,Salaried,0,20013,Low
CUST01077,56,76999,726,1,49661,9876,0,83,Retired,1,40254,Low
CUST01078,64,107119,586,1,81561,500,0,136,Self-Employed,0,20915,Low
CUST01079,22,130717,632,7,50670,12018,0,226,Salaried,1,41343,Low
CUST01080,36,30991,711,3,54885,10843,3,159,Salaried,1,9051,Medium
CUST01081,60,53540,633,7,74402,7894,0,44,Salaried,1,5560,Low
CUST01082,45,87291,651,4,0,4488,2,145,Business,0,23404,Low
CUST01083,55,61196,692,3,66688,9957,0,26,Salaried,0,39268,Low
CUST01084,68,15000,611,1,84488,5380,1,80,Business,1,16279,High
CUST01085,39,59223,699,2,66527,13079,4,217,Business,1,20929,Medium
CUST01086,46,102024,722,4,54450,11591,0,212,Salaried,0,28333,Medium
CUST01087,57,23157,682,2,69085,8078,0,101,Business,1,14007,Medium
CUST01088,22,71615,779,7,0,4778,0,235,Salaried,1,11331,Low
CUST01089,30,15000,730,2,41111,9984,3,42,Salaried,1,28826,High
CUST01090,62,91100,677,6,6050,11168,0,17,Salaried,1,51274,Low
CUST01091,52,72246,657,5,56498,6663,7,140,Salaried,0,10785,Medium
CUST01092,43,47957,802,1,14877,9645,0,158,Self-Employed,1,19478,Low
CUST01093,59,52461,633,2,70495,6079,0,26,Salaried,0,34040,Medium
CUST01094,67,20027,660,1,32519,1031,0,45,Salaried,1,29348,Medium
CUST01095,62,95228,651,3,6387,1348,0,203,Salaried,1,53063,Low
CUST01096,23,41019,707,7,16666,8624,1,94,Salaried,0,24604,Low
CUST01097,62,80008,837,6,5604,14092,1,188,Salaried,0,0,Low
CUST01098,66,36142,697,6,43940,4131,2,214,Self-Employed,1,1434,Medium
CUST01099,41,130952,657,3,63497,4780,1,93,Self-Employed,0,50584,Low
CUST01100,44,111789,693,2,25650,9201,3,227,Salaried,1,696,Medium
CUST01101,33,127212,588,6,1232,8147,2,185,Salaried,0,22041,Low
CUST01102,31,130715,666,1,44586,9142,0,62,Self-Employed,1,3354,Low
CUST01103,53,45964,799,5,43928,10071,0,212,Salaried,1,25611,Low
CUST01104,26,38476,726,4,30030,7927,0,22,Business,1,30504,Low
CUST01105,65,125784,766,7,21453,8547,0,15,Self-Employed,1,31495,Low
CUST01106,50,60767,750,3,83391,3492,2,93,Salaried,0,22818,Medium
CUST01107,54,89996,630,7,27225,6327,1,226,Self-Employed,1,0,Low
CUST01108,44,46379,813,7,1767,13048,1,52,Salaried,1,13793,Low
CUST01109,57,46873,555,3,42352,9885,2,203,Salaried,0,12815,Medium
CUST01110,34,89898,703,5,60819,9116,0,12,Salaried,1,44877,Low
CUST01111,23,15000,535,2,58822,4510,0,228,Salaried,1,13267,Medium
CUST01112,32,88495,560,3,0,4782,1,20,Salaried,0,0,Low
CUST01113,49,80734,745,3,81535,3702,0,178,Salaried,0,42139,Low
CUST01114,46,49095,631,4,51311,659,3,76,Business,0,34677,Medium
CUST01115,57,65725,767,5,62124,6923,0,127,Salaried,0,12438,Low
CUST01116,39,70425,527,5,124546,6441,1,28,Salaried,1,0,Medium
CUST01117,60,72110,673,1,67766,8739,9,78,Salaried,1,15831,High
CUST01118,30,85704,594,5,62161,12143,0,98,Salaried,0,24925,Medium
CUST01119,23,40550,657,6,38222,5494,0,12,Salaried,1,36894,Low
CUST01120,57,145931,788,4,44842,12996,0,163,Salaried,1,60538,Low
CUST01121,67,58832,805,6,8874,10058,0,216,Business,1,31248,Low
CUST01122,38,61079,715,5,47537,13687,2,133,Business,1,38470,Medium
CUST01123,54,123340,568,1,93782,3442,0,159,Salaried,1,0,Medium
CUST01124,56,15000,595,4,57791,12691,0,203,Salaried,1,3038,Medium
CUST01125,54,123027,691,3,111902,5301,2,159,Salaried,1,47127,Medium
CUST01126,53,67803,623,2,60892,4818,0,135,Salaried,0,0,Low
CUST01127,41,49094,726,3,53402,7763,1,215,Salaried,1,9784,Low
CUST01128,51,31410,797,1,40859,4605,0,92,Business,1,32633,Low
CUST01129,43,26926,611,4,104138,9716,0,96,Salaried,1,32513,High
CUST01130,46,54745,617,3,31063,11364,0,179,Business,0,6661,Medium
CUST01131,66,73339,597,1,23188,9975,0,227,Retired,1,56083,Low
CUST01132,67,83674,662,6,18548,7774,4,169,Salaried,1,2298,Medium
CUST01133,65,72980,683,7,112857,12718,0,162,Business,1,30992,Medium
CUST01134,32,49693,681,3,49422,9713,0,34,Self-Employed,0,60164,Low
CUST01135,55,105185,742,7,47523,7419,0,131,Salaried,0,31873,Low
CUST01136,49,145214,707,2,60613,7489,0,67,Salaried,1,0,Low
CUST01137,56,109838,675,6,37453,4463,2,58,Self-Employed,1,43726,Medium
CUST01138,25,54221,682,3,22089,4143,0,156,Self-Employed,1,21251,Low
CUST01139,30,80062,685,3,20646,6180,0,13,Business,0,39017,Low
CUST01140,64,81985,675,3,19631,3788,0,117,Self-Employed,1,53300,Low
CUST01141,43,113110,632,1,0,3399,0,227,Salaried,1,0,Low
CUST01142,46,54854,595,4,46764,4332,0,44,Salaried,0,33829,Low
CUST01143,42,36052,689,5,0,12299,1,119,Salaried,0,49704,Low
CUST01144,46,99015,645,1,61480,4765,3,26,Salaried,1,32112,Medium
CUST01145,62,77191,716,6,70087,11299,0,43,Salaried,0,55208,Medium
CUST01146,38,31737,685,7,26921,5438,0,117,Self-Employed,0,29206,Low
CUST01147,36,86167,681,5,55098,8757,2,173,Salaried,1,58850,Medium
CUST01148,62,120147,748,7,66799,4744,0,199,Self-Employed,1,0,Low
CUST01149,28,44187,581,6,90139,8784,0,225,Salaried,1,43071,Medium
CUST01150,53,38269,803,5,33303,17110,0,42,Salaried,1,0,Medium
CUST01151,29,65901,527,3,2624,5208,1,26,Self-Employed,0,31881,Low
CUST01152,24,85408,781,6,17830,6825,0,159,Salaried,1,1806,Low
CUST01153,54,62752,694,2,0,3249,0,117,Retired,1,41369,Low
CUST01154,57,99032,643,5,59297,12397,1,226,Self-Employed,1,16904,Medium
CUST01155,38,72821,576,6,0,13036,1,42,Salaried,1,27018,Medium
CUST01156,22,95349,638,6,14925,4271,1,13,Self-Employed,1,12553,Low
CUST01157,57,43375,668,5,45359,7371,1,24,Salaried,1,61413,Medium
CUST01158,61,28168,693,3,12659,9682,0,107,Salaried,1,20909,Low
CUST01159,38,54798,781,2,19191,8268,0,124,Salaried,1,7788,Low
CUST01160,65,24606,685,7,69874,4299,0,155,Self-Employed,0,0,Medium
CUST01161,69,77279,702,3,11404,4133,3,26,Salaried,1,7010,Medium
CUST01162,58,15000,704,7,31281,3072,1,36,Self-Employed,1,4562,Medium
CUST01163,46,51418,657,5,72862,12097,2,87,Salaried,1,25119,Medium
CUST01164,46,56421,666,6,33823,10653,5,39,Self-Employed,1,19559,Medium
CUST01165,34,33600,672,1,117115,14673,2,116,Self-Employed,0,0,High
CUST01166,34,55809,723,7,77861,3967,1,23,Salaried,1,16886,Medium
CUST01167,33,65128,616,6,79460,9198,1,132,Business,1,0,Medium
CUST01168,53,103076,644,7,3354,8544,0,224,Salaried,1,41856,Low
CUST01169,56,33777,704,7,42058,9485,6,215,Self-Employed,1,20996,Medium
CUST01170,49,75720,604,5,36473,10438,1,193,Salaried,1,0,Low
CUST01171,65,81672,687,1,32780,20788,0,197,Salaried,1,20065,Low
CUST01172,41,64364,641,4,28926,20632,0,124,Salaried,1,44687,Low
CUST01173,49,50058,715,2,40957,9436,3,155,Self-Employed,1,19781,Medium
CUST01174,52,30830,776,6,0,14459,0,201,Self-Employed,1,26399,Low
CUST01175,45,121956,641,7,17191,4553,0,85,Salaried,0,42051,Low
CUST01176,32,67179,733,7,95485,7602,0,149,Salaried,1,13387,Medium
CUST01177,63,55533,694,4,28927,4810,3,205,Self-Employed,1,7007,Low
CUST01178,37,128646,653,3,25387,9008,0,102,Salaried,1,7519,Low
CUST01179,59,71668,680,5,43049,10103,3,63,Self-Employed,1,41600,Medium
CUST01180,38,141304,770,4,45957,17197,3,41,Salaried,1,29239,Medium
CUST01181,66,22510,667,2,0,4274,3,108,Salaried,1,35722,Medium
CUST01182,65,57885,771,1,49229,13304,1,27,Self-Employed,0,0,Medium
CUST01183,26,23899,671,1,61445,6346,1,149,Business,1,58467,Medium
CUST01184,41,61336,581,3,62638,5767,0,154,Salaried,0,46019,Medium
CUST01185,69,61192,669,7,16843,7057,0,37,Self-Employed,1,3784,Low
CUST01186,56,51259,575,3,91237,15922,1,200,Salaried,1,35310,Medium
CUST01187,69,66616,657,5,87829,500,0,26,Business,1,6310,Medium
CUST01188,64,52721,655,7,85191,9808,0,145,Salaried,1,0,Medium
CUST01189,35,61688,807,4,68634,12504,0,220,Self-Employed,1,33018,Low
CUST01190,47,42326,792,5,34562,4131,0,120,Salaried,1,29540,Medium
CUST01191,66,108284,685,1,45128,10132,4,140,Business,1,36502,Low
CUST01192,64,31737,764,1,87711,5106,1,125,Salaried,1,43604,Medium
CUST01193,67,71370,652,6,0,15851,1,98,Salaried,0,41153,Medium
CUST01194,63,29220,580,4,23072,2844,0,237,Self-Employed,0,26921,Low
CUST01195,45,39951,716,5,58773,10316,0,174,Salaried,1,23552,Medium
CUST01196,52,43152,705,7,38171,6270,0,135,Salaried,1,51403,Medium
CUST01197,39,61046,614,3,32987,7441,0,118,Salaried,1,18132,Low
CUST01198,60,70262,617,4,93783,6844,1,100,Salaried,1,46673,Medium
CUST01199,43,31798,745,6,70065,12440,0,140,Self-Employed,1,0,Medium
CUST01200,42,52594,562,3,73845,8779,0,100,Salaried,0,13695,Low
